id,brand,model,sub_category,status,http_code,detail,link
1,Geeboon,TC22,station,ok,200,https://pt.aliexpress.com/item/1005006397758007.html?aff_fcid=94b4aac213ee4c318d0eb014592ac142-1786926668229-04618-_c4DLcZ1p&tt=CPS_NORMAL&aff_fsk=_c4DLcZ1p&aff_platform=shareComponent-detail&sk=_c4DLcZ1p&aff_trace_key=94b4aac213ee4c318d0eb014592ac142-1786926668229-04618-_c4DLcZ1p&terminal_id=b1bff83a9f8c4dc397091a5f51c85b8f&afSmartRedirect=y&gatewayAdapt=glo2bra,https://s.click.aliexpress.com/e/_c4DLcZ1p
2,Geeboon,HC24,station,ok,200,https://pt.aliexpress.com/item/1005012059583776.html?aff_fcid=b60dd249bbeb4faea951a798cfda33b9-1786926668221-07386-_c4CltYZl&tt=CPS_NORMAL&aff_fsk=_c4CltYZl&aff_platform=shareComponent-detail&sk=_c4CltYZl&aff_trace_key=b60dd249bbeb4faea951a798cfda33b9-1786926668221-07386-_c4CltYZl&terminal_id=e9b56210a2a8401280c0b3c01d1316a6&afSmartRedirect=y&gatewayAdapt=glo2bra,https://s.click.aliexpress.com/e/_c4CltYZl
3,FNIRSI,DWS-200,station,ok,200,https://pt.aliexpress.com/item/1005012665249006.html?aff_fcid=718c61b1b2e24a2cacfc4b424bf414f4-1786926668229-07265-_c4mnYypV&tt=CPS_NORMAL&aff_fsk=_c4mnYypV&aff_platform=shareComponent-detail&sk=_c4mnYypV&aff_trace_key=718c61b1b2e24a2cacfc4b424bf414f4-1786926668229-07265-_c4mnYypV&terminal_id=f6bb57d14f1448e9911bc78e2bbb2555&afSmartRedirect=y&gatewayAdapt=glo2bra,https://s.click.aliexpress.com/e/_c4mnYypV
4,FNIRSI,HS-02A,portable,ok,200,https://pt.aliexpress.com/item/1005006735898032.html?aff_fcid=6ba7ae588fc34eeda3aa73ff7b3f1511-1786926668221-05401-_c2zEVY71&tt=CPS_NORMAL&aff_fsk=_c2zEVY71&aff_platform=shareComponent-detail&sk=_c2zEVY71&aff_trace_key=6ba7ae588fc34eeda3aa73ff7b3f1511-1786926668221-05401-_c2zEVY71&terminal_id=4602feb11eb34ab4946a9592fbaa2469&afSmartRedirect=y&gatewayAdapt=glo2bra,https://s.click.aliexpress.com/e/_c2zEVY71
5,FNIRSI,HS-02B,portable,ok,200,https://pt.aliexpress.com/item/1005006735898032.html?aff_fcid=26efdf3a22ed48f1bfcce308eff189ac-1786926668279-09155-_c2zEVY71&tt=CPS_NORMAL&aff_fsk=_c2zEVY71&aff_platform=shareComponent-detail&sk=_c2zEVY71&aff_trace_key=26efdf3a22ed48f1bfcce308eff189ac-1786926668279-09155-_c2zEVY71&terminal_id=bc249d11855641a38ca6433ac4610e26&afSmartRedirect=y&gatewayAdapt=glo2bra,https://s.click.aliexpress.com/e/_c2zEVY71
6,FNIRSI,HS-03,portable,ok,200,https://pt.aliexpress.com/item/1005012031253636.html?aff_fcid=dadb5733e311493694cbec835053910e-1786926668222-06206-_c38zGaGj&tt=CPS_NORMAL&aff_fsk=_c38zGaGj&aff_platform=shareComponent-detail&sk=_c38zGaGj&aff_trace_key=dadb5733e311493694cbec835053910e-1786926668222-06206-_c38zGaGj&terminal_id=347e375e8aea4a6a9e2b316775385148&afSmartRedirect=y&gatewayAdapt=glo2bra,https://s.click.aliexpress.com/e/_c38zGaGj
7,FNIRSI,HS-01,portable,ok,200,https://pt.aliexpress.com/item/1005012636678628.html?aff_fcid=98ad199fb20b40b58cab171848d79bd9-1786926668228-02530-_c4Oig13d&tt=CPS_NORMAL&aff_fsk=_c4Oig13d&aff_platform=shareComponent-detail&sk=_c4Oig13d&aff_trace_key=98ad199fb20b40b58cab171848d79bd9-1786926668228-02530-_c4Oig13d&terminal_id=a575fbc4009d47699e0393cd88c9b3d9&afSmartRedirect=y&gatewayAdapt=glo2bra,https://s.click.aliexpress.com/e/_c4Oig13d
8,ALIENTEK,T80,portable,ok,200,https://pt.aliexpress.com/item/1005007083508485.html?aff_fcid=3b21e8c417ea4e26aa0ddd7789b936fe-1786926668141-09625-_c3yzpxdt&tt=CPS_NORMAL&aff_fsk=_c3yzpxdt&aff_platform=shareComponent-detail&sk=_c3yzpxdt&aff_trace_key=3b21e8c417ea4e26aa0ddd7789b936fe-1786926668141-09625-_c3yzpxdt&terminal_id=2f1e4d74d05247afb56ce7ba7362207d&afSmartRedirect=y&gatewayAdapt=glo2bra,https://s.click.aliexpress.com/e/_c3yzpxdt
9,ALIENTEK,T90A,portable,ok,200,https://pt.aliexpress.com/item/1005009571623409.html?aff_fcid=cce847deab4f43b2aaf63428da744a37-1786926668224-06407-_c4XoYyRh&tt=CPS_NORMAL&aff_fsk=_c4XoYyRh&aff_platform=shareComponent-detail&sk=_c4XoYyRh&aff_trace_key=cce847deab4f43b2aaf63428da744a37-1786926668224-06407-_c4XoYyRh&terminal_id=fabcd666a7fc4063b22cbd65f371c64c&afSmartRedirect=y&gatewayAdapt=glo2bra,https://s.click.aliexpress.com/e/_c4XoYyRh
10,ALIENTEK,T90B,portable,ok,200,https://pt.aliexpress.com/item/1005009571623409.html?aff_fcid=9511f39051bd4671bcd25c9575d74a06-1786926668161-06295-_c4XoYyRh&tt=CPS_NORMAL&aff_fsk=_c4XoYyRh&aff_platform=shareComponent-detail&sk=_c4XoYyRh&aff_trace_key=9511f39051bd4671bcd25c9575d74a06-1786926668161-06295-_c4XoYyRh&terminal_id=10642d0e37384203932ec6b2a8d58f26&afSmartRedirect=y&gatewayAdapt=glo2bra,https://s.click.aliexpress.com/e/_c4XoYyRh
11,AIFEN,A11,portable,ok,200,https://pt.aliexpress.com/item/1005006845459714.html?aff_fcid=d5cf157d66f04643ae04c4fbbe7a8b8e-1786926668653-09021-_c39Lv53l&tt=CPS_NORMAL&aff_fsk=_c39Lv53l&aff_platform=shareComponent-detail&sk=_c39Lv53l&aff_trace_key=d5cf157d66f04643ae04c4fbbe7a8b8e-1786926668653-09021-_c39Lv53l&terminal_id=ba75a348c7914a21839d8bde600863e2&afSmartRedirect=y&gatewayAdapt=glo2bra,https://s.click.aliexpress.com/e/_c39Lv53l
12,ANENG,SL108,portable,ok,200,https://pt.aliexpress.com/item/1005011817583710.html?aff_fcid=2403cc93c22c48199027b098ca34ce4b-1786926668679-03527-_c4tJEpK3&tt=CPS_NORMAL&aff_fsk=_c4tJEpK3&aff_platform=shareComponent-detail&sk=_c4tJEpK3&aff_trace_key=2403cc93c22c48199027b098ca34ce4b-1786926668679-03527-_c4tJEpK3&terminal_id=de859bc355b244b1b005498580b72229&afSmartRedirect=y&gatewayAdapt=glo2bra,https://s.click.aliexpress.com/e/_c4tJEpK3
13,JCD,,iron,ok,200,https://pt.aliexpress.com/item/4000035268753.html?aff_fcid=d8da54da76f04853b089c8fae75c1251-1786926668679-02383-_c3KxYbgX&tt=CPS_NORMAL&aff_fsk=_c3KxYbgX&aff_platform=shareComponent-detail&sk=_c3KxYbgX&aff_trace_key=d8da54da76f04853b089c8fae75c1251-1786926668679-02383-_c3KxYbgX&terminal_id=df440689af6c48e0a97177f7b492a5c9&afSmartRedirect=y&gatewayAdapt=glo2bra,https://s.click.aliexpress.com/e/_c3KxYbgX
14,SEQURE,SI012 Pro Max,portable,ok,200,https://pt.aliexpress.com/item/1005012790896615.html?aff_fcid=c214a5704344420e8d0114f3ee97e6e5-1786926668714-00932-_c3tfQvp1&tt=CPS_NORMAL&aff_fsk=_c3tfQvp1&aff_platform=shareComponent-detail&sk=_c3tfQvp1&aff_trace_key=c214a5704344420e8d0114f3ee97e6e5-1786926668714-00932-_c3tfQvp1&terminal_id=925ee795eb7d4eb0977d02ff7c51bd5b&afSmartRedirect=y&gatewayAdapt=glo2bra,https://s.click.aliexpress.com/e/_c3tfQvp1
15,MINIWARE,TS21,portable,ok,200,https://pt.aliexpress.com/item/1005012781702410.html?aff_fcid=3337bd9a75e04f2e8da01196a9f09239-1786926668696-02990-_c3PA1MJD&tt=CPS_NORMAL&aff_fsk=_c3PA1MJD&aff_platform=shareComponent-detail&sk=_c3PA1MJD&aff_trace_key=3337bd9a75e04f2e8da01196a9f09239-1786926668696-02990-_c3PA1MJD&terminal_id=435ff4219dbb45f3ae87e40225d29ce8&afSmartRedirect=y&gatewayAdapt=glo2bra,https://s.click.aliexpress.com/e/_c3PA1MJD
16,ANENG,SL106,iron,ok,200,https://pt.aliexpress.com/item/1005007473936967.html?aff_fcid=6232e34f56e44ff3b975fc96214444fe-1786926668715-04408-_c4bIfk5H&tt=CPS_NORMAL&aff_fsk=_c4bIfk5H&aff_platform=shareComponent-detail&sk=_c4bIfk5H&aff_trace_key=6232e34f56e44ff3b975fc96214444fe-1786926668715-04408-_c4bIfk5H&terminal_id=a75df262bffa4fde921e0929098efc9d&afSmartRedirect=y&gatewayAdapt=glo2bra,https://s.click.aliexpress.com/e/_c4bIfk5H
17,RELIFE,936,iron,ok,200,https://pt.aliexpress.com/item/1005008710218321.html?aff_fcid=0fd5216bc4884b83882d6edc80778108-1786926668755-02536-_c3g8l8gL&tt=CPS_NORMAL&aff_fsk=_c3g8l8gL&aff_platform=shareComponent-detail&sk=_c3g8l8gL&aff_trace_key=0fd5216bc4884b83882d6edc80778108-1786926668755-02536-_c3g8l8gL&terminal_id=77984dd1edc1458b9cec462012b6265e&afSmartRedirect=y&gatewayAdapt=glo2bra,https://s.click.aliexpress.com/e/_c3g8l8gL
18,PS5,Joystick,tips,ok,200,https://pt.aliexpress.com/item/1005011666282296.html?aff_fcid=a3e931458e904bbca507dad5d6225a22-1786926668835-08400-_c3IxbJP9&tt=CPS_NORMAL&aff_fsk=_c3IxbJP9&aff_platform=shareComponent-detail&sk=_c3IxbJP9&aff_trace_key=a3e931458e904bbca507dad5d6225a22-1786926668835-08400-_c3IxbJP9&terminal_id=f553e48ba594414491ebb5f4c0d2da1d&afSmartRedirect=y&gatewayAdapt=glo2bra,https://s.click.aliexpress.com/e/_c3IxbJP9
19,PS4,Joystick,tips,ok,200,https://pt.aliexpress.com/item/1005011666282296.html?aff_fcid=6af6772dfd9640ccb89de338423e28af-1786926668849-02923-_c3IxbJP9&tt=CPS_NORMAL&aff_fsk=_c3IxbJP9&aff_platform=shareComponent-detail&sk=_c3IxbJP9&aff_trace_key=6af6772dfd9640ccb89de338423e28af-1786926668849-02923-_c3IxbJP9&terminal_id=f92d34020f8c4ef98c8a288b7efd1ddc&afSmartRedirect=y&gatewayAdapt=glo2bra,https://s.click.aliexpress.com/e/_c3IxbJP9
20,Switch Pro,Joystick,tips,ok,200,https://pt.aliexpress.com/item/1005011666282296.html?aff_fcid=5032771a5c584520964189d9935b6ece-1786926668886-03706-_c3IxbJP9&tt=CPS_NORMAL&aff_fsk=_c3IxbJP9&aff_platform=shareComponent-detail&sk=_c3IxbJP9&aff_trace_key=5032771a5c584520964189d9935b6ece-1786926668886-03706-_c3IxbJP9&terminal_id=1a51153d0809425c9db621d5bee3512a&afSmartRedirect=y&gatewayAdapt=glo2bra,https://s.click.aliexpress.com/e/_c3IxbJP9
21,PS5,Joystick,tips,ok,200,https://www.aliexpress.com/item/1005011666282296.html?aff_fcid=93cf336220384ac2b308f4d4554c96ba-1786926669131-06337-_c3IxbJP9&tt=CPS_NORMAL&aff_fsk=_c3IxbJP9&aff_platform=shareComponent-detail&sk=_c3IxbJP9&aff_trace_key=93cf336220384ac2b308f4d4554c96ba-1786926669131-06337-_c3IxbJP9&terminal_id=68365e07a3c9467683d06e7bfc2edf04&afSmartRedirect=y,https://s.click.aliexpress.com/e/_c3IxbJP9
22,PS4,Joystick,tips,ok,200,https://www.aliexpress.com/item/1005011666282296.html?aff_fcid=700b102f039a45ecb986e4b37361cbff-1786926669147-02596-_c3IxbJP9&tt=CPS_NORMAL&aff_fsk=_c3IxbJP9&aff_platform=shareComponent-detail&sk=_c3IxbJP9&aff_trace_key=700b102f039a45ecb986e4b37361cbff-1786926669147-02596-_c3IxbJP9&terminal_id=ac33250f7d05459696f62946f1ab4d4a&afSmartRedirect=y,https://s.click.aliexpress.com/e/_c3IxbJP9
23,Switch Pro,Joystick,tips,ok,200,https://www.aliexpress.com/item/1005011666282296.html?aff_fcid=3490143dad6642c4b2cd7a78eb25cf04-1786926669179-05576-_c3IxbJP9&tt=CPS_NORMAL&aff_fsk=_c3IxbJP9&aff_platform=shareComponent-detail&sk=_c3IxbJP9&aff_trace_key=3490143dad6642c4b2cd7a78eb25cf04-1786926669179-05576-_c3IxbJP9&terminal_id=aa32923935d243baa0065340a5d8357d&afSmartRedirect=y,https://s.click.aliexpress.com/e/_c3IxbJP9
24,PS5,Joystick,tips,ok,200,https://www.aliexpress.com/item/1005011666282296.html?aff_fcid=8c8fa6ce8c69417cb9ea501c15fffc74-1786926669177-01293-_c3IxbJP9&tt=CPS_NORMAL&aff_fsk=_c3IxbJP9&aff_platform=shareComponent-detail&sk=_c3IxbJP9&aff_trace_key=8c8fa6ce8c69417cb9ea501c15fffc74-1786926669177-01293-_c3IxbJP9&terminal_id=8428d09d63774497831989c4fc7e49e3&afSmartRedirect=y,https://s.click.aliexpress.com/e/_c3IxbJP9
25,PS4,Joystick,tips,ok,200,https://www.aliexpress.com/item/1005011666282296.html?aff_fcid=07339fd29bd74dafa1d99c8030a69d84-1786926669186-04383-_c3IxbJP9&tt=CPS_NORMAL&aff_fsk=_c3IxbJP9&aff_platform=shareComponent-detail&sk=_c3IxbJP9&aff_trace_key=07339fd29bd74dafa1d99c8030a69d84-1786926669186-04383-_c3IxbJP9&terminal_id=7e742207c3c940b0bf9748d503d2dfdd&afSmartRedirect=y,https://s.click.aliexpress.com/e/_c3IxbJP9
26,Switch Pro,Joystick,tips,ok,200,https://www.aliexpress.com/item/1005011666282296.html?aff_fcid=7823253021ce45189c3c45f7b59d69f7-1786926669188-01983-_c3IxbJP9&tt=CPS_NORMAL&aff_fsk=_c3IxbJP9&aff_platform=shareComponent-detail&sk=_c3IxbJP9&aff_trace_key=7823253021ce45189c3c45f7b59d69f7-1786926669188-01983-_c3IxbJP9&terminal_id=0e4b5f367c6d4773a69e25ea2454303b&afSmartRedirect=y,https://s.click.aliexpress.com/e/_c3IxbJP9
27,XBOX,Joystick,tips,ok,200,https://www.aliexpress.com/item/1005011666282296.html?aff_fcid=97dbc15c766142b684cf8a19ea71cc28-1786926669202-07940-_c3IxbJP9&tt=CPS_NORMAL&aff_fsk=_c3IxbJP9&aff_platform=shareComponent-detail&sk=_c3IxbJP9&aff_trace_key=97dbc15c766142b684cf8a19ea71cc28-1786926669202-07940-_c3IxbJP9&terminal_id=9d331af01869418a8db05140b90bfa4d&afSmartRedirect=y,https://s.click.aliexpress.com/e/_c3IxbJP9
28,XBOX,Joystick,tips,ok,200,https://www.aliexpress.com/item/1005011666282296.html?aff_fcid=2a0395ae5d734eb48ae349919a49f50f-1786926669219-03405-_c3IxbJP9&tt=CPS_NORMAL&aff_fsk=_c3IxbJP9&aff_platform=shareComponent-detail&sk=_c3IxbJP9&aff_trace_key=2a0395ae5d734eb48ae349919a49f50f-1786926669219-03405-_c3IxbJP9&terminal_id=cf3a99273978454dbc01dad01b8ceb46&afSmartRedirect=y,https://s.click.aliexpress.com/e/_c3IxbJP9
29,XBOX,Joystick,tips,ok,200,https://www.aliexpress.com/item/1005011666282296.html?aff_fcid=facce4adc0d6451ab1476b35e44d2f6e-1786926669223-05794-_c3IxbJP9&tt=CPS_NORMAL&aff_fsk=_c3IxbJP9&aff_platform=shareComponent-detail&sk=_c3IxbJP9&aff_trace_key=facce4adc0d6451ab1476b35e44d2f6e-1786926669223-05794-_c3IxbJP9&terminal_id=5887fbb633d74703befa52724b5c52c2&afSmartRedirect=y,https://s.click.aliexpress.com/e/_c3IxbJP9
30,Geeboon,T245,handles,ok,200,https://www.aliexpress.com/item/1005007192611695.html?aff_fcid=dc48550321eb438e8e3e69f8d6bc09e9-1786926669266-00266-_c3xiJVnV&tt=CPS_NORMAL&aff_fsk=_c3xiJVnV&aff_platform=shareComponent-detail&sk=_c3xiJVnV&aff_trace_key=dc48550321eb438e8e3e69f8d6bc09e9-1786926669266-00266-_c3xiJVnV&terminal_id=79a96bf06b0342bcabfdb39ae52761c1&afSmartRedirect=y,https://s.click.aliexpress.com/e/_c3xiJVnV
31,Geeboon,T115,handles,ok,200,https://www.aliexpress.com/item/1005007192611695.html?aff_fcid=987f6b85f9aa4e92be4878aae3e68887-1786926669404-03718-_c3xiJVnV&tt=CPS_NORMAL&aff_fsk=_c3xiJVnV&aff_platform=shareComponent-detail&sk=_c3xiJVnV&aff_trace_key=987f6b85f9aa4e92be4878aae3e68887-1786926669404-03718-_c3xiJVnV&terminal_id=8b343074cb174e31b90481727104b13d&afSmartRedirect=y,https://s.click.aliexpress.com/e/_c3xiJVnV
32,Geeboon,T12,handles,ok,200,https://www.aliexpress.com/item/1005007192611695.html?aff_fcid=c86cbc293e634cd093d093fa8fdc97d1-1786926669426-03322-_c3xiJVnV&tt=CPS_NORMAL&aff_fsk=_c3xiJVnV&aff_platform=shareComponent-detail&sk=_c3xiJVnV&aff_trace_key=c86cbc293e634cd093d093fa8fdc97d1-1786926669426-03322-_c3xiJVnV&terminal_id=248b5c75de024a6fa2f9dafba59cc2d9&afSmartRedirect=y,https://s.click.aliexpress.com/e/_c3xiJVnV
33,Geeboon,T210,handles,ok,200,https://www.aliexpress.com/item/1005007192611695.html?aff_fcid=4d747980508541ba9e335144142b5bdb-1786926669435-07697-_c3xiJVnV&tt=CPS_NORMAL&aff_fsk=_c3xiJVnV&aff_platform=shareComponent-detail&sk=_c3xiJVnV&aff_trace_key=4d747980508541ba9e335144142b5bdb-1786926669435-07697-_c3xiJVnV&terminal_id=246c208ec10c462e9eb8c9d8a4150249&afSmartRedirect=y,https://s.click.aliexpress.com/e/_c3xiJVnV
34,SUGON,A9,station,ok,200,https://pt.aliexpress.com/item/1005012417353696.html?aff_fcid=4eee0875dcce46bfb2547455ff25e1fd-1786926669446-01153-_c2zOYJHh&tt=CPS_NORMAL&aff_fsk=_c2zOYJHh&aff_platform=shareComponent-detail&sk=_c2zOYJHh&aff_trace_key=4eee0875dcce46bfb2547455ff25e1fd-1786926669446-01153-_c2zOYJHh&terminal_id=eacb2110ca2f4064978ff535c0c23a92&afSmartRedirect=y&gatewayAdapt=glo2bra,https://s.click.aliexpress.com/e/_c2zOYJHh
35,SUGON,T245,handles,ok,200,https://www.aliexpress.com/item/1005003717752698.html?aff_fcid=9196d34c65144dc0bb4aa4c3ef966cae-1786926669454-08020-_c4PPTVKF&tt=CPS_NORMAL&aff_fsk=_c4PPTVKF&aff_platform=shareComponent-detail&sk=_c4PPTVKF&aff_trace_key=9196d34c65144dc0bb4aa4c3ef966cae-1786926669454-08020-_c4PPTVKF&terminal_id=1c7a7ce6d0734001a40fb6ad954903f5&afSmartRedirect=y,https://s.click.aliexpress.com/e/_c4PPTVKF
36,SUGON,T115,handles,ok,200,https://www.aliexpress.com/item/1005003717752698.html?aff_fcid=63271011feaa427b84892dc8d28d4a74-1786926669454-02534-_c4PPTVKF&tt=CPS_NORMAL&aff_fsk=_c4PPTVKF&aff_platform=shareComponent-detail&sk=_c4PPTVKF&aff_trace_key=63271011feaa427b84892dc8d28d4a74-1786926669454-02534-_c4PPTVKF&terminal_id=215a07194a23476a968fa44bbd5ae058&afSmartRedirect=y,https://s.click.aliexpress.com/e/_c4PPTVKF
37,SUGON,T12,handles,ok,200,https://www.aliexpress.com/item/1005003717752698.html?aff_fcid=0f73835a44b2402bb927ec2198584e2f-1786926669476-07909-_c4PPTVKF&tt=CPS_NORMAL&aff_fsk=_c4PPTVKF&aff_platform=shareComponent-detail&sk=_c4PPTVKF&aff_trace_key=0f73835a44b2402bb927ec2198584e2f-1786926669476-07909-_c4PPTVKF&terminal_id=4b9c7477a53f4739908d891f826c2d32&afSmartRedirect=y,https://s.click.aliexpress.com/e/_c4PPTVKF
38,SUGON,T210,handles,ok,200,https://www.aliexpress.com/item/1005003717752698.html?aff_fcid=c7f3666b70724d8fa289706459a4c03f-1786926669493-00814-_c4PPTVKF&tt=CPS_NORMAL&aff_fsk=_c4PPTVKF&aff_platform=shareComponent-detail&sk=_c4PPTVKF&aff_trace_key=c7f3666b70724d8fa289706459a4c03f-1786926669493-00814-_c4PPTVKF&terminal_id=07ad2c3443cd48cebab6262e6762f980&afSmartRedirect=y,https://s.click.aliexpress.com/e/_c4PPTVKF
39,AIFEN,A9PRO,station,ok,200,https://www.aliexpress.com/item/1005004063990662.html?aff_fcid=509b7bab2a76419cbf5bb564748824aa-1786926669498-05749-_c43mqCh5&tt=CPS_NORMAL&aff_fsk=_c43mqCh5&aff_platform=shareComponent-detail&sk=_c43mqCh5&aff_trace_key=509b7bab2a76419cbf5bb564748824aa-1786926669498-05749-_c43mqCh5&terminal_id=039c894c6e304a7aa4f8d918cd37704f&afSmartRedirect=y,https://s.click.aliexpress.com/e/_c43mqCh5
40,SUGON,T61,station,ok,200,https://www.aliexpress.com/item/1005007467271092.html?aff_fcid=5ac81e25683245cab8011b1db3bce7a8-1786926669532-02138-_c33xFm15&tt=CPS_NORMAL&aff_fsk=_c33xFm15&aff_platform=shareComponent-detail&sk=_c33xFm15&aff_trace_key=5ac81e25683245cab8011b1db3bce7a8-1786926669532-02138-_c33xFm15&terminal_id=10038f39cb744df88400849266c147d8&afSmartRedirect=y,https://s.click.aliexpress.com/e/_c33xFm15
41,SUGON,T3602,station,ok,200,https://www.aliexpress.com/item/1005005843961339.html?aff_fcid=c3e24f49dd684067aaeaddc8c1120ed3-1786926669654-08838-_c4pOjp3z&tt=CPS_NORMAL&aff_fsk=_c4pOjp3z&aff_platform=shareComponent-detail&sk=_c4pOjp3z&aff_trace_key=c3e24f49dd684067aaeaddc8c1120ed3-1786926669654-08838-_c4pOjp3z&terminal_id=c1e8889951b1471ea89fb76a7658ee30&afSmartRedirect=y,https://s.click.aliexpress.com/e/_c4pOjp3z
42,SUGON,T21,station,ok,200,https://pt.aliexpress.com/item/1005009356857424.html?aff_fcid=46caba07e47243158412a872bba10005-1786926669694-00493-_c4FgRB75&tt=CPS_NORMAL&aff_fsk=_c4FgRB75&aff_platform=shareComponent-detail&sk=_c4FgRB75&aff_trace_key=46caba07e47243158412a872bba10005-1786926669694-00493-_c4FgRB75&terminal_id=eaf5b7f7dc904311bb1b12112dd5ba5e&afSmartRedirect=y&gatewayAdapt=glo2bra,https://s.click.aliexpress.com/e/_c4FgRB75
43,AIXUN,T3A,station,ok,200,https://www.aliexpress.com/item/1005007009987518.html?aff_fcid=39a5447e5a39457da63080c69e5702f5-1786926669712-02844-_c3wNHYPv&tt=CPS_NORMAL&aff_fsk=_c3wNHYPv&aff_platform=shareComponent-detail&sk=_c3wNHYPv&aff_trace_key=39a5447e5a39457da63080c69e5702f5-1786926669712-02844-_c3wNHYPv&terminal_id=a64b97039d0d4a29a36980d3d4c1b9c6&afSmartRedirect=y,https://s.click.aliexpress.com/e/_c3wNHYPv
44,AIXUN,T3B,station,ok,200,https://www.aliexpress.com/item/1005007009987518.html?aff_fcid=001e92920977424da83b437d5a728828-1786926669718-07057-_c3wNHYPv&tt=CPS_NORMAL&aff_fsk=_c3wNHYPv&aff_platform=shareComponent-detail&sk=_c3wNHYPv&aff_trace_key=001e92920977424da83b437d5a728828-1786926669718-07057-_c3wNHYPv&terminal_id=a02404fae7be4ccbbc861059afebbbe7&afSmartRedirect=y,https://s.click.aliexpress.com/e/_c3wNHYPv
45,AIXUN,T3A,handles,ok,200,https://www.aliexpress.com/item/1005003792432449.html?aff_fcid=7f4db9f7b09149efadc81c5d8944b156-1786926669728-07704-_c2wc3b5Z&tt=CPS_NORMAL&aff_fsk=_c2wc3b5Z&aff_platform=shareComponent-detail&sk=_c2wc3b5Z&aff_trace_key=7f4db9f7b09149efadc81c5d8944b156-1786926669728-07704-_c2wc3b5Z&terminal_id=dcc23cc916ef4497ab4170cdedc23acc&afSmartRedirect=y,https://s.click.aliexpress.com/e/_c2wc3b5Z
46,AIXUN,T3B,handles,ok,200,https://www.aliexpress.com/item/1005003792432449.html?aff_fcid=6f88a80c1246437d82069fabf61d8bc3-1786926669752-08937-_c2wc3b5Z&tt=CPS_NORMAL&aff_fsk=_c2wc3b5Z&aff_platform=shareComponent-detail&sk=_c2wc3b5Z&aff_trace_key=6f88a80c1246437d82069fabf61d8bc3-1786926669752-08937-_c2wc3b5Z&terminal_id=b0698d81019b4c4bbd695cc3b7339acc&afSmartRedirect=y,https://s.click.aliexpress.com/e/_c2wc3b5Z
47,AIXUN,T3B,handles,ok,200,https://www.aliexpress.com/item/1005003792432449.html?aff_fcid=fe2eed0920d84f1d8ac710acc8bfbfb5-1786926669751-04355-_c2wc3b5Z&tt=CPS_NORMAL&aff_fsk=_c2wc3b5Z&aff_platform=shareComponent-detail&sk=_c2wc3b5Z&aff_trace_key=fe2eed0920d84f1d8ac710acc8bfbfb5-1786926669751-04355-_c2wc3b5Z&terminal_id=8624448fc5c54879a8546be0e18782c6&afSmartRedirect=y,https://s.click.aliexpress.com/e/_c2wc3b5Z
48,AIXUN,T420D,station,ok,200,https://pt.aliexpress.com/item/1005012277021665.html?aff_fcid=a0a8b60817b547cc8cb779cbe7e3a3fc-1786926669766-07155-_c3UynA4L&tt=CPS_NORMAL&aff_fsk=_c3UynA4L&aff_platform=shareComponent-detail&sk=_c3UynA4L&aff_trace_key=a0a8b60817b547cc8cb779cbe7e3a3fc-1786926669766-07155-_c3UynA4L&terminal_id=7e94917b1f5a4c518f372039783a9220&afSmartRedirect=y&gatewayAdapt=glo2bra,https://s.click.aliexpress.com/e/_c3UynA4L
49,OSS,T12,station,ok,200,https://www.aliexpress.com/item/1005006302714684.html?aff_fcid=2d814b71bc0c404bb1346cfed5aafba3-1786926669805-00788-_c323AagF&tt=CPS_NORMAL&aff_fsk=_c323AagF&aff_platform=shareComponent-detail&sk=_c323AagF&aff_trace_key=2d814b71bc0c404bb1346cfed5aafba3-1786926669805-00788-_c323AagF&terminal_id=fa91ef25dc7a413995f8bf1faa56c081&afSmartRedirect=y,https://s.click.aliexpress.com/e/_c323AagF
50,OSS,T245,station,ok,200,https://www.aliexpress.com/item/1005006181953598.html?aff_fcid=945c924ec8fd4c35b674478b2e6c5713-1786926669909-06572-_c4CGqHBN&tt=CPS_NORMAL&aff_fsk=_c4CGqHBN&aff_platform=shareComponent-detail&sk=_c4CGqHBN&aff_trace_key=945c924ec8fd4c35b674478b2e6c5713-1786926669909-06572-_c4CGqHBN&terminal_id=36918dea5503420ea9c7282af955b253&afSmartRedirect=y,https://s.click.aliexpress.com/e/_c4CGqHBN
51,OSS,T210,station,ok,200,https://www.aliexpress.com/item/1005006300296031.html?aff_fcid=174b69092c2d45899cfc632fe06be035-1786926669928-02317-_c3QHBoRt&tt=CPS_NORMAL&aff_fsk=_c3QHBoRt&aff_platform=shareComponent-detail&sk=_c3QHBoRt&aff_trace_key=174b69092c2d45899cfc632fe06be035-1786926669928-02317-_c3QHBoRt&terminal_id=6108271f984647529765bdf4c40771d3&afSmartRedirect=y,https://s.click.aliexpress.com/e/_c3QHBoRt
52,OSS,T115,station,ok,200,https://www.aliexpress.com/item/1005006300296031.html?aff_fcid=2643a327e5564930a280118df8de76fb-1786926669965-05556-_c3QHBoRt&tt=CPS_NORMAL&aff_fsk=_c3QHBoRt&aff_platform=shareComponent-detail&sk=_c3QHBoRt&aff_trace_key=2643a327e5564930a280118df8de76fb-1786926669965-05556-_c3QHBoRt&terminal_id=1d3ed6c5bd9841e4aad931393fc85a23&afSmartRedirect=y,https://s.click.aliexpress.com/e/_c3QHBoRt
53,FNIRSI,SAG-55,hotair,ok,200,https://www.aliexpress.com/item/1005009123694426.html?aff_fcid=b77affe37b9c4b4db55479edab34ae05-1786926669992-03992-_c2JcaBfd&tt=CPS_NORMAL&aff_fsk=_c2JcaBfd&aff_platform=shareComponent-detail&sk=_c2JcaBfd&aff_trace_key=b77affe37b9c4b4db55479edab34ae05-1786926669992-03992-_c2JcaBfd&terminal_id=56d1aa4b55b4447fabfd7c7aa18b3da1&afSmartRedirect=y,https://s.click.aliexpress.com/e/_c2JcaBfd
54,AIFEN,868D,hotair,ok,200,https://www.aliexpress.com/item/1005003303060702.html?aff_fcid=9612d6dd5e084df4802d1541fe72be36-1786926670004-03454-_c4bjRl2T&tt=CPS_NORMAL&aff_fsk=_c4bjRl2T&aff_platform=shareComponent-detail&sk=_c4bjRl2T&aff_trace_key=9612d6dd5e084df4802d1541fe72be36-1786926670004-03454-_c4bjRl2T&terminal_id=b5190dbc4322464fbca6e9de2c76f6a0&afSmartRedirect=y,https://s.click.aliexpress.com/e/_c4bjRl2T
55,LUOWEI,HG-01,hotair,ok,200,https://www.aliexpress.com/item/1005008748838656.html?aff_fcid=4d2a561c25f34b66b00199f05c01cb83-1786926670025-01422-_c3safEs3&tt=CPS_NORMAL&aff_fsk=_c3safEs3&aff_platform=shareComponent-detail&sk=_c3safEs3&aff_trace_key=4d2a561c25f34b66b00199f05c01cb83-1786926670025-01422-_c3safEs3&terminal_id=69f504df44054e779bb55d919f2b31e8&afSmartRedirect=y,https://s.click.aliexpress.com/e/_c3safEs3
56,SUGON,2020D,hotair,ok,200,https://www.aliexpress.com/item/1005010057495672.html?aff_fcid=660982e7861f4243b6a2134a4f0fa26a-1786926670038-05167-_c3KWbJ35&tt=CPS_NORMAL&aff_fsk=_c3KWbJ35&aff_platform=shareComponent-detail&sk=_c3KWbJ35&aff_trace_key=660982e7861f4243b6a2134a4f0fa26a-1786926670038-05167-_c3KWbJ35&terminal_id=e1cefcc59ee74af9a47100ada88786dd&afSmartRedirect=y,https://s.click.aliexpress.com/e/_c3KWbJ35
57,RF4,RF-H2,hotair,ok,200,https://www.aliexpress.com/item/1005009319984244.html?aff_fcid=9c21f6ab6e2f4a43af45600a68aef7a0-1786926670079-03971-_c41Punuf&tt=CPS_NORMAL&aff_fsk=_c41Punuf&aff_platform=shareComponent-detail&sk=_c41Punuf&aff_trace_key=9c21f6ab6e2f4a43af45600a68aef7a0-1786926670079-03971-_c41Punuf&terminal_id=df415227c5394c26b8f8b1f113f98e4e&afSmartRedirect=y,https://s.click.aliexpress.com/e/_c41Punuf
58,QUICK,2008 PRO,hotair,ok,200,https://www.aliexpress.com/item/1005011629076956.html?aff_fcid=a3b7bbd0ab5f47a88ea17180ff5c1960-1786926670195-05781-_c44oS9Gf&tt=CPS_NORMAL&aff_fsk=_c44oS9Gf&aff_platform=shareComponent-detail&sk=_c44oS9Gf&aff_trace_key=a3b7bbd0ab5f47a88ea17180ff5c1960-1786926670195-05781-_c44oS9Gf&terminal_id=50006ca552f44dbdb70e5b493f0a1d16&afSmartRedirect=y,https://s.click.aliexpress.com/e/_c44oS9Gf
59,FORWARD,FW-HA01,hotair,ok,200,https://www.aliexpress.com/item/1005009955665506.html?aff_fcid=0cec372c69c247f9ac8d5d94ddec4579-1786926670193-04840-_c3oX36mX&tt=CPS_NORMAL&aff_fsk=_c3oX36mX&aff_platform=shareComponent-detail&sk=_c3oX36mX&aff_trace_key=0cec372c69c247f9ac8d5d94ddec4579-1786926670193-04840-_c3oX36mX&terminal_id=2c0cb0cf24dc46048c1049f1c9364625&afSmartRedirect=y,https://s.click.aliexpress.com/e/_c3oX36mX
60,YCS,NO.1,hotair,ok,200,https://www.aliexpress.com/item/1005009262381839.html?aff_fcid=01b06be87ae64215ab3d802628168739-1786926670334-02691-_c4ptRgLt&tt=CPS_NORMAL&aff_fsk=_c4ptRgLt&aff_platform=shareComponent-detail&sk=_c4ptRgLt&aff_trace_key=01b06be87ae64215ab3d802628168739-1786926670334-02691-_c4ptRgLt&terminal_id=804282948a1e4001b6cf262e04eccc57&afSmartRedirect=y,https://s.click.aliexpress.com/e/_c4ptRgLt
61,MECHANIC,AIRNOVA,hotair,ok,200,https://www.aliexpress.com/item/1005009841162163.html?aff_fcid=23f9b901740f4e2393f126f5dcd03253-1786926670228-01982-_c35IqzxN&tt=CPS_NORMAL&aff_fsk=_c35IqzxN&aff_platform=shareComponent-detail&sk=_c35IqzxN&aff_trace_key=23f9b901740f4e2393f126f5dcd03253-1786926670228-01982-_c35IqzxN&terminal_id=3f93d2e17fca400687fbc8667d2623d4&afSmartRedirect=y,https://s.click.aliexpress.com/e/_c35IqzxN
62,ATTEN,ST-862D,hotair,ok,200,https://pt.aliexpress.com/item/1005011828478330.html?aff_fcid=43d60c8048ca4fdb86dd760a2aaca08c-1786926670357-05010-_c3qdrHyr&tt=CPS_NORMAL&aff_fsk=_c3qdrHyr&aff_platform=shareComponent-detail&sk=_c3qdrHyr&aff_trace_key=43d60c8048ca4fdb86dd760a2aaca08c-1786926670357-05010-_c3qdrHyr&terminal_id=86af856b86a540478a7bd39fcaa9fdc3&afSmartRedirect=y&gatewayAdapt=glo2bra,https://s.click.aliexpress.com/e/_c3qdrHyr
63,SUGON,8610DX-PRO,hotair,ok,200,https://www.aliexpress.com/item/1005008118153244.html?aff_fcid=e8c06fc165b64432a0f354125f9e82ba-1786926670277-06806-_c4ctstL9&tt=CPS_NORMAL&aff_fsk=_c4ctstL9&aff_platform=shareComponent-detail&sk=_c4ctstL9&aff_trace_key=e8c06fc165b64432a0f354125f9e82ba-1786926670277-06806-_c4ctstL9&terminal_id=7dacc3d31e9246869eb6782b0351fc11&afSmartRedirect=y,https://s.click.aliexpress.com/e/_c4ctstL9
64,QUICK,861DW,hotair,ok,200,https://pt.aliexpress.com/item/1005007767157623.html?aff_fcid=ab41a650a65d4dd9b28880e283f33846-1786926670283-00573-_c3LiIvmj&tt=CPS_NORMAL&aff_fsk=_c3LiIvmj&aff_platform=shareComponent-detail&sk=_c3LiIvmj&aff_trace_key=ab41a650a65d4dd9b28880e283f33846-1786926670283-00573-_c3LiIvmj&terminal_id=68587d92de484580a5337019cde577b1&afSmartRedirect=y&gatewayAdapt=glo2bra,https://s.click.aliexpress.com/e/_c3LiIvmj
65,AIFEN,F5PRO,hotair,ok,200,https://www.aliexpress.com/item/1005009004991298.html?aff_fcid=9dbf84801a3d48b788255ac33d891d16-1786926670298-01829-_c45u11rN&tt=CPS_NORMAL&aff_fsk=_c45u11rN&aff_platform=shareComponent-detail&sk=_c45u11rN&aff_trace_key=9dbf84801a3d48b788255ac33d891d16-1786926670298-01829-_c45u11rN&terminal_id=f2a06869c65c47dfa540c670d664a815&afSmartRedirect=y,https://s.click.aliexpress.com/e/_c45u11rN
66,Aixun,H310D,hotair,ok,200,https://www.aliexpress.com/item/1005006691285493.html?aff_fcid=75ee280fcb1d4246820cdc01fefd0059-1786926670337-04649-_c3tSWdpZ&tt=CPS_NORMAL&aff_fsk=_c3tSWdpZ&aff_platform=shareComponent-detail&sk=_c3tSWdpZ&aff_trace_key=75ee280fcb1d4246820cdc01fefd0059-1786926670337-04649-_c3tSWdpZ&terminal_id=9c9aa1815ade4366949d703c329122ec&afSmartRedirect=y,https://s.click.aliexpress.com/e/_c3tSWdpZ
67,YCS,R1 Pro,hotair,ok,200,https://www.aliexpress.com/item/1005009365468585.html?aff_fcid=f37840e017134946aab7e14da58d495e-1786926670361-05384-_c4X1CZwx&tt=CPS_NORMAL&aff_fsk=_c4X1CZwx&aff_platform=shareComponent-detail&sk=_c4X1CZwx&aff_trace_key=f37840e017134946aab7e14da58d495e-1786926670361-05384-_c4X1CZwx&terminal_id=29a072f8b3444b699e2f5fce33f5abd1&afSmartRedirect=y,https://s.click.aliexpress.com/e/_c4X1CZwx
68,Aixun,H312,hotair,ok,200,https://www.aliexpress.com/item/1005006375306978.html?aff_fcid=ea853f99924047efbb822b5ffb3bc7ce-1786926670446-03426-_c3D2rUvd&tt=CPS_NORMAL&aff_fsk=_c3D2rUvd&aff_platform=shareComponent-detail&sk=_c3D2rUvd&aff_trace_key=ea853f99924047efbb822b5ffb3bc7ce-1786926670446-03426-_c3D2rUvd&terminal_id=9afb3a6c55a04823aeb0b3b1a2bd5c4b&afSmartRedirect=y,https://s.click.aliexpress.com/e/_c3D2rUvd
69,SUGON,8620DX PRO,hotair,ok,200,https://www.aliexpress.com/item/1005001962783329.html?aff_fcid=42c140955a9b44df92056e299d03f537-1786926670450-01764-_c3881eLh&tt=CPS_NORMAL&aff_fsk=_c3881eLh&aff_platform=shareComponent-detail&sk=_c3881eLh&aff_trace_key=42c140955a9b44df92056e299d03f537-1786926670450-01764-_c3881eLh&terminal_id=6851d1d5e6674aa98e64de0d5531ff7f&afSmartRedirect=y,https://s.click.aliexpress.com/e/_c3881eLh
70,SUGON,8650Pro,hotair,ok,200,https://www.aliexpress.com/item/1005008004969325.html?aff_fcid=100c43d05ca746c5ba22bfdd1b2a61ab-1786926670541-00313-_c30acTNv&tt=CPS_NORMAL&aff_fsk=_c30acTNv&aff_platform=shareComponent-detail&sk=_c30acTNv&aff_trace_key=100c43d05ca746c5ba22bfdd1b2a61ab-1786926670541-00313-_c30acTNv&terminal_id=4eb862e549f444b58b63ded58383c229&afSmartRedirect=y,https://s.click.aliexpress.com/e/_c30acTNv
71,QUICK,861 Pro,hotair,ok,200,https://www.aliexpress.com/item/1005006881880232.html?aff_fcid=cf16bc51d189404bbdb29c01e8a49856-1786926670579-00636-_c3lAlY7Z&tt=CPS_NORMAL&aff_fsk=_c3lAlY7Z&aff_platform=shareComponent-detail&sk=_c3lAlY7Z&aff_trace_key=cf16bc51d189404bbdb29c01e8a49856-1786926670579-00636-_c3lAlY7Z&terminal_id=dd45531f30364f2b843e8c578ace2047&afSmartRedirect=y,https://s.click.aliexpress.com/e/_c3lAlY7Z
72,YCS,R1 Ultra,hotair,ok,200,https://www.aliexpress.com/item/1005008931566600.html?aff_fcid=4a9b4ac91497449697867748ba0e36e3-1786926670574-04236-_c3Z5jrFl&tt=CPS_NORMAL&aff_fsk=_c3Z5jrFl&aff_platform=shareComponent-detail&sk=_c3Z5jrFl&aff_trace_key=4a9b4ac91497449697867748ba0e36e3-1786926670574-04236-_c3Z5jrFl&terminal_id=acb09954acdc400a81a16c51e0e55477&afSmartRedirect=y,https://s.click.aliexpress.com/e/_c3Z5jrFl
73,Aixun,H314,hotair,ok,200,https://www.aliexpress.com/item/1005008875512566.html?aff_fcid=44f8957b1f7b4b4e9aaac3d3cd60e93d-1786926670605-00350-_c37wizAb&tt=CPS_NORMAL&aff_fsk=_c37wizAb&aff_platform=shareComponent-detail&sk=_c37wizAb&aff_trace_key=44f8957b1f7b4b4e9aaac3d3cd60e93d-1786926670605-00350-_c37wizAb&terminal_id=e5d8c310a0a643cc828ebe613c577fbe&afSmartRedirect=y,https://s.click.aliexpress.com/e/_c37wizAb
74,AiXun,H414D,hotair,dead,200,not a product page → https://best.aliexpress.com/?commercial_type=bestPage&hc_1214_tag=ByAffPage&aff_fcid=4118b6f13b564fa488efdd7c635da8e3-1786926670862-09378-_pz9sEiR&aff_fsk=_pz9sEiR&aff_platform=portals-promotion&sk=_pz9sEiR&aff_trace_key=4118b6f13b564fa488efdd7c635da8e3-1786926670862-09378-_pz9sEiR&terminal_id=9ecc2bc598ca4be49e366e25248c35dd,https://s.click.aliexpress.com/e/_c3sFAGW
75,JBC,C245,tips,ok,200,https://www.aliexpress.com/item/1005006439170578.html?aff_fcid=77c014c24f944a86b94aac9b483cc970-1786926670653-04412-_c3vtdVrd&tt=CPS_NORMAL&aff_fsk=_c3vtdVrd&aff_platform=shareComponent-detail&sk=_c3vtdVrd&aff_trace_key=77c014c24f944a86b94aac9b483cc970-1786926670653-04412-_c3vtdVrd&terminal_id=3bbe672316ab415294d43c84c7f9b25e&afSmartRedirect=y,https://s.click.aliexpress.com/e/_c3vtdVrd
76,QUICKO,C245,tips,ok,200,https://www.aliexpress.com/item/1005012543425301.html?aff_fcid=21eb46ab820742839b632356febc34d8-1786926670713-00270-_c44dyQjh&tt=CPS_NORMAL&aff_fsk=_c44dyQjh&aff_platform=shareComponent-detail&sk=_c44dyQjh&aff_trace_key=21eb46ab820742839b632356febc34d8-1786926670713-00270-_c44dyQjh&terminal_id=16a62805f6614777bad128a3e162d09c&afSmartRedirect=y,https://s.click.aliexpress.com/e/_c44dyQjh
77,YIHUA,982-I C245,station,ok,200,https://www.aliexpress.com/item/1005005184458057.html?aff_fcid=6c3c63c4b2c447b9a29d1c670826d4e9-1786926670722-09267-_c3loDd8P&tt=CPS_NORMAL&aff_fsk=_c3loDd8P&aff_platform=shareComponent-detail&sk=_c3loDd8P&aff_trace_key=6c3c63c4b2c447b9a29d1c670826d4e9-1786926670722-09267-_c3loDd8P&terminal_id=bf870788edcc4c1a8a0bf77049053a0e&afSmartRedirect=y,https://s.click.aliexpress.com/e/_c3loDd8P
78,YIHUA,982-I C210,station,ok,200,https://www.aliexpress.com/item/1005005184458057.html?aff_fcid=9ccd3a492bc248ac921d2983b5e031ef-1786926670779-03852-_c3loDd8P&tt=CPS_NORMAL&aff_fsk=_c3loDd8P&aff_platform=shareComponent-detail&sk=_c3loDd8P&aff_trace_key=9ccd3a492bc248ac921d2983b5e031ef-1786926670779-03852-_c3loDd8P&terminal_id=5c187fc830874d0b88dda7e28930e4f0&afSmartRedirect=y,https://s.click.aliexpress.com/e/_c3loDd8P
79,GEEBOON,C245,tips,ok,200,https://www.aliexpress.com/item/1005012084166763.html?aff_fcid=98ba72e07f4c4cdda27152b7d22119d1-1786926670794-03543-_c3bVqk9z&tt=CPS_NORMAL&aff_fsk=_c3bVqk9z&aff_platform=shareComponent-detail&sk=_c3bVqk9z&aff_trace_key=98ba72e07f4c4cdda27152b7d22119d1-1786926670794-03543-_c3bVqk9z&terminal_id=92bfa4dd6db34aecbdd081cdc9d8330d&afSmartRedirect=y,https://s.click.aliexpress.com/e/_c3bVqk9z
80,YIHUA,8786D,combo,ok,200,https://pt.aliexpress.com/item/1005007523366749.html?aff_fcid=7c86fac59ec04e4b94afe3623c1f3702-1786926670807-06148-_c3QTwgbv&tt=CPS_NORMAL&aff_fsk=_c3QTwgbv&aff_platform=shareComponent-detail&sk=_c3QTwgbv&aff_trace_key=7c86fac59ec04e4b94afe3623c1f3702-1786926670807-06148-_c3QTwgbv&terminal_id=f0a33e1e67d546c28817ceebbabdb77a&afSmartRedirect=y&gatewayAdapt=glo2bra,https://s.click.aliexpress.com/e/_c3QTwgbv
81,YIHUA,938BD-II,combo,ok,200,https://www.aliexpress.com/item/1005006854295710.html?aff_fcid=2f18be451296467bad9035050b837fab-1786926670830-03475-_c4OW37cX&tt=CPS_NORMAL&aff_fsk=_c4OW37cX&aff_platform=shareComponent-detail&sk=_c4OW37cX&aff_trace_key=2f18be451296467bad9035050b837fab-1786926670830-03475-_c4OW37cX&terminal_id=10a9da3855f645f7a5f9b96266a889e0&afSmartRedirect=y,https://s.click.aliexpress.com/e/_c4OW37cX
82,unbranded,8898,combo,ok,200,https://pt.aliexpress.com/item/1005008460077088.html?aff_fcid=5652900b9420465b8acbdd898081ce7f-1786926670871-04773-_c4N5k6fv&tt=CPS_NORMAL&aff_fsk=_c4N5k6fv&aff_platform=shareComponent-detail&sk=_c4N5k6fv&aff_trace_key=5652900b9420465b8acbdd898081ce7f-1786926670871-04773-_c4N5k6fv&terminal_id=a764c3c1d19b43ddb81506bfb91672a8&afSmartRedirect=y&gatewayAdapt=glo2bra,https://s.click.aliexpress.com/e/_c4N5k6fv
83,unbranded,8586,combo,ok,200,https://pt.aliexpress.com/item/1005012204041709.html?aff_fcid=c87839cec666496a8b2325523535b90f-1786926670894-07342-_c3U3b7YP&tt=CPS_NORMAL&aff_fsk=_c3U3b7YP&aff_platform=shareComponent-detail&sk=_c3U3b7YP&aff_trace_key=c87839cec666496a8b2325523535b90f-1786926670894-07342-_c3U3b7YP&terminal_id=e466b417c06a40a6b0ac42d16ccc6116&afSmartRedirect=y&gatewayAdapt=glo2bra,https://s.click.aliexpress.com/e/_c3U3b7YP
84,JCB,8898,combo,ok,200,https://www.aliexpress.com/item/4000978937031.html?aff_fcid=2e880ab4a6474f5bb705d08d0a1e033f-1786926670928-07106-_c35IMBJd&tt=CPS_NORMAL&aff_fsk=_c35IMBJd&aff_platform=shareComponent-detail&sk=_c35IMBJd&aff_trace_key=2e880ab4a6474f5bb705d08d0a1e033f-1786926670928-07106-_c35IMBJd&terminal_id=1a3d45d3fa7b4482832774ae946e6464&afSmartRedirect=y,https://s.click.aliexpress.com/e/_c35IMBJd
85,JCB,8586D,combo,ok,200,https://www.aliexpress.com/item/1005006472388207.html?aff_fcid=04595672738d451da7cc66c23515f72c-1786926670976-02349-_c4KUhtw7&tt=CPS_NORMAL&aff_fsk=_c4KUhtw7&aff_platform=shareComponent-detail&sk=_c4KUhtw7&aff_trace_key=04595672738d451da7cc66c23515f72c-1786926670976-02349-_c4KUhtw7&terminal_id=88564c20187242b7ae55a7df9c436d12&afSmartRedirect=y,https://s.click.aliexpress.com/e/_c4KUhtw7
86,Fengshengxin,,wick,ok,200,https://www.aliexpress.com/item/33049289045.html?aff_fcid=ba62c062b1a649e08933e817c92d9dc2-1786926671022-00754-_c45pxScx&tt=CPS_NORMAL&aff_fsk=_c45pxScx&aff_platform=shareComponent-detail&sk=_c45pxScx&aff_trace_key=ba62c062b1a649e08933e817c92d9dc2-1786926671022-00754-_c45pxScx&terminal_id=0eba5e7cd5214d93b37ee4c6e0c1d5eb&afSmartRedirect=y,https://s.click.aliexpress.com/e/_c45pxScx
87,MECHANIC,DW50,wick,ok,200,https://www.aliexpress.com/item/1005008582757504.html?aff_fcid=7f62d3f93005494b8c013f04a7d5cbda-1786926671027-07947-_c3kggOPt&tt=CPS_NORMAL&aff_fsk=_c3kggOPt&aff_platform=shareComponent-detail&sk=_c3kggOPt&aff_trace_key=7f62d3f93005494b8c013f04a7d5cbda-1786926671027-07947-_c3kggOPt&terminal_id=5852220bf24a45f7ab6724f1e9592d71&afSmartRedirect=y,https://s.click.aliexpress.com/e/_c3kggOPt
88,YCS,2015,wick,ok,200,https://www.aliexpress.com/item/1005008653138529.html?aff_fcid=50aa3c7c2ccd4cfe913ce010b556b4a6-1786926671073-08370-_c4P3ybaL&tt=CPS_NORMAL&aff_fsk=_c4P3ybaL&aff_platform=shareComponent-detail&sk=_c4P3ybaL&aff_trace_key=50aa3c7c2ccd4cfe913ce010b556b4a6-1786926671073-08370-_c4P3ybaL&terminal_id=c2017ac0eaf4418d88bf07697deafd70&afSmartRedirect=y,https://s.click.aliexpress.com/e/_c4P3ybaL
89,2UUL,DW21,wick,ok,200,https://www.aliexpress.com/item/1005009194215381.html?aff_fcid=7a88f420aa7a494abd9cc29e28534ec3-1786926671098-08247-_c3vjdn4r&tt=CPS_NORMAL&aff_fsk=_c3vjdn4r&aff_platform=shareComponent-detail&sk=_c3vjdn4r&aff_trace_key=7a88f420aa7a494abd9cc29e28534ec3-1786926671098-08247-_c3vjdn4r&terminal_id=9dfdc441387f47c38b79feb7675bca3b&afSmartRedirect=y,https://s.click.aliexpress.com/e/_c3vjdn4r
90,2UUL,DW16,wick,ok,200,https://www.aliexpress.com/item/1005012529288732.html?aff_fcid=13a45e62098f470ca7b95460d24582d2-1786926671186-08054-_c3yTd5pt&tt=CPS_NORMAL&aff_fsk=_c3yTd5pt&aff_platform=shareComponent-detail&sk=_c3yTd5pt&aff_trace_key=13a45e62098f470ca7b95460d24582d2-1786926671186-08054-_c3yTd5pt&terminal_id=0f4e8ec890444dda9b50f5fa29549784&afSmartRedirect=y,https://s.click.aliexpress.com/e/_c3yTd5pt
91,RELIFE,,wick,ok,200,https://www.aliexpress.com/item/1005006974556006.html?aff_fcid=64d92c3bac9149c3acf8f458fc10924f-1786926671259-01104-_c3nPOH6j&tt=CPS_NORMAL&aff_fsk=_c3nPOH6j&aff_platform=shareComponent-detail&sk=_c3nPOH6j&aff_trace_key=64d92c3bac9149c3acf8f458fc10924f-1786926671259-01104-_c3nPOH6j&terminal_id=ceb2ebbc4c534bb1b39736045d8b2a99&afSmartRedirect=y,https://s.click.aliexpress.com/e/_c3nPOH6j
92,OSS,C245,tips,ok,200,https://www.aliexpress.com/item/1005007295396179.html?aff_fcid=b471da1479b24919a3bf160abbe6e651-1786926671264-02386-_c3Xz1bNt&tt=CPS_NORMAL&aff_fsk=_c3Xz1bNt&aff_platform=shareComponent-detail&sk=_c3Xz1bNt&aff_trace_key=b471da1479b24919a3bf160abbe6e651-1786926671264-02386-_c3Xz1bNt&terminal_id=c2de25fa984147fb9a3629ac8149e4d7&afSmartRedirect=y,https://s.click.aliexpress.com/e/_c3Xz1bNt
93,OSS,C210,tips,ok,200,https://www.aliexpress.com/item/1005007295396179.html?aff_fcid=82d0f265cc334c20a8226731d95aa239-1786926671291-07521-_c3Xz1bNt&tt=CPS_NORMAL&aff_fsk=_c3Xz1bNt&aff_platform=shareComponent-detail&sk=_c3Xz1bNt&aff_trace_key=82d0f265cc334c20a8226731d95aa239-1786926671291-07521-_c3Xz1bNt&terminal_id=e932fa8b4c554e2397aca15ef029102e&afSmartRedirect=y,https://s.click.aliexpress.com/e/_c3Xz1bNt
94,OSS,C115,tips,ok,200,https://www.aliexpress.com/item/1005007295396179.html?aff_fcid=546e8b92f57943b4b5144ca2d403e21a-1786926671304-06119-_c3Xz1bNt&tt=CPS_NORMAL&aff_fsk=_c3Xz1bNt&aff_platform=shareComponent-detail&sk=_c3Xz1bNt&aff_trace_key=546e8b92f57943b4b5144ca2d403e21a-1786926671304-06119-_c3Xz1bNt&terminal_id=3497fcda80004066aaac0d8150edcb28&afSmartRedirect=y,https://s.click.aliexpress.com/e/_c3Xz1bNt
95,SIKO,C245,tips,ok,200,https://www.aliexpress.com/item/1005012618114682.html?aff_fcid=e47478e2e0af4f1d9fee52e0349ae7f5-1786926671353-03507-_c4toTswP&tt=CPS_NORMAL&aff_fsk=_c4toTswP&aff_platform=shareComponent-detail&sk=_c4toTswP&aff_trace_key=e47478e2e0af4f1d9fee52e0349ae7f5-1786926671353-03507-_c4toTswP&terminal_id=7825d315e62c4e70a43903b297d776b8&afSmartRedirect=y,https://s.click.aliexpress.com/e/_c4toTswP
96,SIKO,C210,tips,ok,200,https://www.aliexpress.com/item/1005012618114682.html?aff_fcid=6daa2ce8835248899a1ed84d6d242b66-1786926671350-02316-_c4toTswP&tt=CPS_NORMAL&aff_fsk=_c4toTswP&aff_platform=shareComponent-detail&sk=_c4toTswP&aff_trace_key=6daa2ce8835248899a1ed84d6d242b66-1786926671350-02316-_c4toTswP&terminal_id=5b6c17c80c334cfd8987b1040d07e986&afSmartRedirect=y,https://s.click.aliexpress.com/e/_c4toTswP
97,KAISI,C245,tips,ok,200,https://www.aliexpress.com/item/1005011746734087.html?aff_fcid=475e7aedb35e4e5197c0d5194fabe593-1786926671362-09495-_c3G5WWUT&tt=CPS_NORMAL&aff_fsk=_c3G5WWUT&aff_platform=shareComponent-detail&sk=_c3G5WWUT&aff_trace_key=475e7aedb35e4e5197c0d5194fabe593-1786926671362-09495-_c3G5WWUT&terminal_id=1094179898b64758aec730c47dea8d68&afSmartRedirect=y,https://s.click.aliexpress.com/e/_c3G5WWUT
98,KAISI,C210,tips,ok,200,https://www.aliexpress.com/item/1005011746734087.html?aff_fcid=10ced991ebd144168a8ddcdeb357749e-1786926671398-05238-_c3G5WWUT&tt=CPS_NORMAL&aff_fsk=_c3G5WWUT&aff_platform=shareComponent-detail&sk=_c3G5WWUT&aff_trace_key=10ced991ebd144168a8ddcdeb357749e-1786926671398-05238-_c3G5WWUT&terminal_id=f8d2cd09e35f424983380026fb1e3a0c&afSmartRedirect=y,https://s.click.aliexpress.com/e/_c3G5WWUT
99,KAISI,C115,tips,ok,200,https://www.aliexpress.com/item/1005011746734087.html?aff_fcid=0b4f80a05e46474f8e8a5c1b3247f813-1786926671468-07582-_c3G5WWUT&tt=CPS_NORMAL&aff_fsk=_c3G5WWUT&aff_platform=shareComponent-detail&sk=_c3G5WWUT&aff_trace_key=0b4f80a05e46474f8e8a5c1b3247f813-1786926671468-07582-_c3G5WWUT&terminal_id=cc1d3c03dcd5445daa0e66ad93323425&afSmartRedirect=y,https://s.click.aliexpress.com/e/_c3G5WWUT
100,GEEBOON,C210,tips,ok,200,https://www.aliexpress.com/item/1005007578686207.html?aff_fcid=4bcdbc691ff94965b89e77591fb2badd-1786926671514-08371-_c3sbZwyL&tt=CPS_NORMAL&aff_fsk=_c3sbZwyL&aff_platform=shareComponent-detail&sk=_c3sbZwyL&aff_trace_key=4bcdbc691ff94965b89e77591fb2badd-1786926671514-08371-_c3sbZwyL&terminal_id=7bbb32f002394874bf57f4cab9ba19f9&afSmartRedirect=y,https://s.click.aliexpress.com/e/_c3sbZwyL
101,GEEBOON,C115,tips,ok,200,https://www.aliexpress.com/item/1005007578686207.html?aff_fcid=158ce22a4d6946db91c5daf72704df18-1786926671565-09719-_c3sbZwyL&tt=CPS_NORMAL&aff_fsk=_c3sbZwyL&aff_platform=shareComponent-detail&sk=_c3sbZwyL&aff_trace_key=158ce22a4d6946db91c5daf72704df18-1786926671565-09719-_c3sbZwyL&terminal_id=6c53141ce67e41cb9443212e5aa4cf9c&afSmartRedirect=y,https://s.click.aliexpress.com/e/_c3sbZwyL
102,MECHANIC,C210,tips,ok,200,https://www.aliexpress.com/item/1005007487125703.html?aff_fcid=796798db7e004f19b8e8c116a08283c0-1786926671573-07657-_c4SV5Cjp&tt=CPS_NORMAL&aff_fsk=_c4SV5Cjp&aff_platform=shareComponent-detail&sk=_c4SV5Cjp&aff_trace_key=796798db7e004f19b8e8c116a08283c0-1786926671573-07657-_c4SV5Cjp&terminal_id=d4a9061207e44fef83a6e23efd466e80&afSmartRedirect=y,https://s.click.aliexpress.com/e/_c4SV5Cjp
103,MAGMA,C210,tips,ok,200,https://www.aliexpress.com/item/1005010196327142.html?aff_fcid=bcd452decee6477e832a8bdb2ae9b834-1786926671614-06593-_c4404b1D&tt=CPS_NORMAL&aff_fsk=_c4404b1D&aff_platform=shareComponent-detail&sk=_c4404b1D&aff_trace_key=bcd452decee6477e832a8bdb2ae9b834-1786926671614-06593-_c4404b1D&terminal_id=3a87c9b6373c44299f3ee59edcfbcbf7&afSmartRedirect=y,https://s.click.aliexpress.com/e/_c4404b1D
104,MAGMA,C115,tips,ok,200,https://www.aliexpress.com/item/1005010196327142.html?aff_fcid=74174a5723cf4de8a4f075df4fe3f38a-1786926671656-04691-_c4404b1D&tt=CPS_NORMAL&aff_fsk=_c4404b1D&aff_platform=shareComponent-detail&sk=_c4404b1D&aff_trace_key=74174a5723cf4de8a4f075df4fe3f38a-1786926671656-04691-_c4404b1D&terminal_id=03eee966dc00469f959685537e540fde&afSmartRedirect=y,https://s.click.aliexpress.com/e/_c4404b1D
105,unbranded,T12,tips,ok,200,https://www.aliexpress.com/item/1005012733555558.html?aff_fcid=35750a31776a4b3780998e99676fc4b0-1786926671659-09906-_c45F9w6J&tt=CPS_NORMAL&aff_fsk=_c45F9w6J&aff_platform=shareComponent-detail&sk=_c45F9w6J&aff_trace_key=35750a31776a4b3780998e99676fc4b0-1786926671659-09906-_c45F9w6J&terminal_id=6c3f590408764f27b1efb5a892939b52&afSmartRedirect=y,https://s.click.aliexpress.com/e/_c45F9w6J
106,GEEBOON,T12,tips,ok,200,https://www.aliexpress.com/item/1005008137715816.html?aff_fcid=1409e87cf5494c14a441989e2d9542e8-1786926671656-06849-_c3hMS7CB&tt=CPS_NORMAL&aff_fsk=_c3hMS7CB&aff_platform=shareComponent-detail&sk=_c3hMS7CB&aff_trace_key=1409e87cf5494c14a441989e2d9542e8-1786926671656-06849-_c3hMS7CB&terminal_id=7a5e932c41bd48279a2b5a421eb7e674&afSmartRedirect=y,https://s.click.aliexpress.com/e/_c3hMS7CB
107,unbranded,T12,tips,ok,200,https://www.aliexpress.com/item/1005011874698489.html?aff_fcid=2b8546a92f854a61a2edf751e138a57c-1786926671667-03989-_c3OB5rYP&tt=CPS_NORMAL&aff_fsk=_c3OB5rYP&aff_platform=shareComponent-detail&sk=_c3OB5rYP&aff_trace_key=2b8546a92f854a61a2edf751e138a57c-1786926671667-03989-_c3OB5rYP&terminal_id=ac44e19622064c95a52caad0e18c8f27&afSmartRedirect=y,https://s.click.aliexpress.com/e/_c3OB5rYP
108,HZY,C245,tips,ok,200,https://www.aliexpress.com/item/1005011587216675.html?aff_fcid=f1a782cf663a45a28a111cec2cbcfd4e-1786926671701-04376-_c3QCkI5V&tt=CPS_NORMAL&aff_fsk=_c3QCkI5V&aff_platform=shareComponent-detail&sk=_c3QCkI5V&aff_trace_key=f1a782cf663a45a28a111cec2cbcfd4e-1786926671701-04376-_c3QCkI5V&terminal_id=524c162c463f4a80a58e1c9a9f9dd978&afSmartRedirect=y,https://s.click.aliexpress.com/e/_c3QCkI5V
109,HZY,C210,tips,ok,200,https://www.aliexpress.com/item/1005010701990950.html?aff_fcid=e755ef30f6e84b5db32209e4d0d2957d-1786926671777-09521-_c3ovlEP1&tt=CPS_NORMAL&aff_fsk=_c3ovlEP1&aff_platform=shareComponent-detail&sk=_c3ovlEP1&aff_trace_key=e755ef30f6e84b5db32209e4d0d2957d-1786926671777-09521-_c3ovlEP1&terminal_id=6e4678bd3f65445097b5b5612d8d4105&afSmartRedirect=y,https://s.click.aliexpress.com/e/_c3ovlEP1
110,SUGON,C210,tips,ok,200,https://www.aliexpress.com/item/1005007907472641.html?aff_fcid=9bf4520410404de5a00642e2930d232d-1786926671846-05297-_c3QC5oXZ&tt=CPS_NORMAL&aff_fsk=_c3QC5oXZ&aff_platform=shareComponent-detail&sk=_c3QC5oXZ&aff_trace_key=9bf4520410404de5a00642e2930d232d-1786926671846-05297-_c3QC5oXZ&terminal_id=63ed9ee6a3fa4de393e16e1b5c57cbab&afSmartRedirect=y,https://s.click.aliexpress.com/e/_c3QC5oXZ
111,2UUL,C210,tips,ok,200,https://www.aliexpress.com/item/1005009102458773.html?aff_fcid=1df9041c2a31417698d20b7f361f73c9-1786926671847-06548-_c3tNvswP&tt=CPS_NORMAL&aff_fsk=_c3tNvswP&aff_platform=shareComponent-detail&sk=_c3tNvswP&aff_trace_key=1df9041c2a31417698d20b7f361f73c9-1786926671847-06548-_c3tNvswP&terminal_id=e04638405468418ea70f955f4ba0c1cb&afSmartRedirect=y,https://s.click.aliexpress.com/e/_c3tNvswP
112,YIHUA,900M,tips,ok,200,https://www.aliexpress.com/item/1005012161416128.html?aff_fcid=bd0e6816d64f4917b9c56702aadff7f3-1786926671858-06407-_c3AYjjE3&tt=CPS_NORMAL&aff_fsk=_c3AYjjE3&aff_platform=shareComponent-detail&sk=_c3AYjjE3&aff_trace_key=bd0e6816d64f4917b9c56702aadff7f3-1786926671858-06407-_c3AYjjE3&terminal_id=0a1dc26345cc443fa9216949d78e7695&afSmartRedirect=y,https://s.click.aliexpress.com/e/_c3AYjjE3
113,MECHANIC,900M,tips,ok,200,https://www.aliexpress.com/item/1005011977374401.html?aff_fcid=0563cdfb0fc44a67aa31829de0a18f1d-1786926671877-08001-_c4t587RH&tt=CPS_NORMAL&aff_fsk=_c4t587RH&aff_platform=shareComponent-detail&sk=_c4t587RH&aff_trace_key=0563cdfb0fc44a67aa31829de0a18f1d-1786926671877-08001-_c4t587RH&terminal_id=96ad9b8f302e4faeb4eda049f81eca13&afSmartRedirect=y,https://s.click.aliexpress.com/e/_c4t587RH
114,MECHANIC,900M,tips,ok,200,https://www.aliexpress.com/item/1005011970206084.html?aff_fcid=6f06bff7474d4444acd1fcaebdea4562-1786926671902-02124-_c2J75mzl&tt=CPS_NORMAL&aff_fsk=_c2J75mzl&aff_platform=shareComponent-detail&sk=_c2J75mzl&aff_trace_key=6f06bff7474d4444acd1fcaebdea4562-1786926671902-02124-_c2J75mzl&terminal_id=86da28e4a5de4a1896914a0123d3b84a&afSmartRedirect=y,https://s.click.aliexpress.com/e/_c2J75mzl
115,STONEGO,900M,tips,ok,200,https://www.aliexpress.com/item/1005005469380390.html?aff_fcid=c271a5e9255a42e7bf18a084c694dbe4-1786926671919-05624-_c3Q1afiL&tt=CPS_NORMAL&aff_fsk=_c3Q1afiL&aff_platform=shareComponent-detail&sk=_c3Q1afiL&aff_trace_key=c271a5e9255a42e7bf18a084c694dbe4-1786926671919-05624-_c3Q1afiL&terminal_id=9e5ce0543ac04656834a8049869682b1&afSmartRedirect=y,https://s.click.aliexpress.com/e/_c3Q1afiL
116,JCD,,pump,ok,200,https://www.aliexpress.com/item/1005008233851955.html?aff_fcid=2aa30be94c4a4c2f8f382cf843d6e92c-1786926671927-01364-_c45uAlT5&tt=CPS_NORMAL&aff_fsk=_c45uAlT5&aff_platform=shareComponent-detail&sk=_c45uAlT5&aff_trace_key=2aa30be94c4a4c2f8f382cf843d6e92c-1786926671927-01364-_c45uAlT5&terminal_id=732e141cdc9e4cc88e33abcc0ae3a5de&afSmartRedirect=y,https://s.click.aliexpress.com/e/_c45uAlT5
117,unbranded,,pump,ok,200,https://www.aliexpress.com/item/1005010439442129.html?aff_fcid=a6b1da9f1b8349819764a5e0cd0678b8-1786926671941-09786-_c3pN3Jvh&tt=CPS_NORMAL&aff_fsk=_c3pN3Jvh&aff_platform=shareComponent-detail&sk=_c3pN3Jvh&aff_trace_key=a6b1da9f1b8349819764a5e0cd0678b8-1786926671941-09786-_c3pN3Jvh&terminal_id=ad54b146478843afbcc737591d213a08&afSmartRedirect=y,https://s.click.aliexpress.com/e/_c3pN3Jvh
118,RELIFE,,pump,ok,200,https://www.aliexpress.com/item/1005012596029610.html?aff_fcid=a73ced60cdb14cb58b528336e6284d6e-1786926671955-06249-_c4d8YeeX&tt=CPS_NORMAL&aff_fsk=_c4d8YeeX&aff_platform=shareComponent-detail&sk=_c4d8YeeX&aff_trace_key=a73ced60cdb14cb58b528336e6284d6e-1786926671955-06249-_c4d8YeeX&terminal_id=13ce6a1b2d5c4906a23d0c25cd457dca&afSmartRedirect=y,https://s.click.aliexpress.com/e/_c4d8YeeX
119,MECHANIC,M35 NANO,flux,ok,200,https://www.aliexpress.com/item/1005008811168308.html?aff_fcid=8783bc0382f74f2c953063839be5cf77-1786926672030-08012-_c3NbPFuR&tt=CPS_NORMAL&aff_fsk=_c3NbPFuR&aff_platform=shareComponent-detail&sk=_c3NbPFuR&aff_trace_key=8783bc0382f74f2c953063839be5cf77-1786926672030-08012-_c3NbPFuR&terminal_id=a0cc9edd3db94ac6bed78412141af878&afSmartRedirect=y,https://s.click.aliexpress.com/e/_c3NbPFuR
120,Kingbo,Rma-218,flux,ok,200,https://www.aliexpress.com/item/4000144888044.html?aff_fcid=b177cac21e3b4aad90ca154260218aef-1786926672121-03929-_c4bGnD1D&tt=CPS_NORMAL&aff_fsk=_c4bGnD1D&aff_platform=shareComponent-detail&sk=_c4bGnD1D&aff_trace_key=b177cac21e3b4aad90ca154260218aef-1786926672121-03929-_c4bGnD1D&terminal_id=da0163aa1c50490589e8df938c55cea5&afSmartRedirect=y,https://s.click.aliexpress.com/e/_c4bGnD1D
121,DSUNYK,NC-559-ASM,flux,ok,200,https://www.aliexpress.com/item/1005010513692131.html?aff_fcid=9e919ae34cbd4cefba39dd24c809c902-1786926672135-01771-_c3xHzsPZ&tt=CPS_NORMAL&aff_fsk=_c3xHzsPZ&aff_platform=shareComponent-detail&sk=_c3xHzsPZ&aff_trace_key=9e919ae34cbd4cefba39dd24c809c902-1786926672135-01771-_c3xHzsPZ&terminal_id=e1bfccfc88434852b6dbf8ef3d4ca27a&afSmartRedirect=y,https://s.click.aliexpress.com/e/_c3xHzsPZ
122,RELIFE,HW11,flux,ok,200,https://www.aliexpress.com/item/1005009468347658.html?aff_fcid=963830d8d96b4c0a8cc226f2ae1ac89d-1786926672132-08155-_c3uOIc5z&tt=CPS_NORMAL&aff_fsk=_c3uOIc5z&aff_platform=shareComponent-detail&sk=_c3uOIc5z&aff_trace_key=963830d8d96b4c0a8cc226f2ae1ac89d-1786926672132-08155-_c3uOIc5z&terminal_id=9dd9dc7609044284b806db77d5ee907d&afSmartRedirect=y,https://s.click.aliexpress.com/e/_c3uOIc5z
123,MECHANIC,UV559,flux,ok,200,https://www.aliexpress.com/item/1005008239670293.html?aff_fcid=c0b574bb54be441c8a09eac82e97cc29-1786926672149-03296-_c2Q6ZzhZ&tt=CPS_NORMAL&aff_fsk=_c2Q6ZzhZ&aff_platform=shareComponent-detail&sk=_c2Q6ZzhZ&aff_trace_key=c0b574bb54be441c8a09eac82e97cc29-1786926672149-03296-_c2Q6ZzhZ&terminal_id=f58f603827484a25aaa8fc8c938f387b&afSmartRedirect=y,https://s.click.aliexpress.com/e/_c2Q6ZzhZ
124,Amtech,RMA-218,flux,ok,200,https://www.aliexpress.com/item/1005010670752683.html?aff_fcid=32bbaec80446484eb634917ff5c58a1d-1786926672158-08353-_c35ZtDhZ&tt=CPS_NORMAL&aff_fsk=_c35ZtDhZ&aff_platform=shareComponent-detail&sk=_c35ZtDhZ&aff_trace_key=32bbaec80446484eb634917ff5c58a1d-1786926672158-08353-_c35ZtDhZ&terminal_id=4e507d0723fd454d9947d188b99f68a5&afSmartRedirect=y,https://s.click.aliexpress.com/e/_c35ZtDhZ
125,AMAOE,M53,flux,ok,200,https://www.aliexpress.com/item/1005007281835165.html?aff_fcid=dd0e8b03eef149fd9c213bff39acc1c8-1786926672182-00527-_c3ChXuPt&tt=CPS_NORMAL&aff_fsk=_c3ChXuPt&aff_platform=shareComponent-detail&sk=_c3ChXuPt&aff_trace_key=dd0e8b03eef149fd9c213bff39acc1c8-1786926672182-00527-_c3ChXuPt&terminal_id=7e6f574170dc4fe5bf1e064904508692&afSmartRedirect=y,https://s.click.aliexpress.com/e/_c3ChXuPt
126,RELIFE,RL-403,solder,ok,200,https://www.aliexpress.com/item/1005010445388082.html?aff_fcid=fbcf8d3ddbbe4fccbfda504a070c9d82-1786926672208-09870-_c4rhKq9H&tt=CPS_NORMAL&aff_fsk=_c4rhKq9H&aff_platform=shareComponent-detail&sk=_c4rhKq9H&aff_trace_key=fbcf8d3ddbbe4fccbfda504a070c9d82-1786926672208-09870-_c4rhKq9H&terminal_id=a95015a16b60453f814429690ddb782b&afSmartRedirect=y,https://s.click.aliexpress.com/e/_c4rhKq9H
127,2UUL,SC14,flux,ok,200,https://www.aliexpress.com/item/1005009448427560.html?aff_fcid=c2b2fc23eff34030a9bfe54f854d8e59-1786926672211-06909-_c4CDf1tZ&tt=CPS_NORMAL&aff_fsk=_c4CDf1tZ&aff_platform=shareComponent-detail&sk=_c4CDf1tZ&aff_trace_key=c2b2fc23eff34030a9bfe54f854d8e59-1786926672211-06909-_c4CDf1tZ&terminal_id=319cc44cab76455b9baa77196e8699be&afSmartRedirect=y,https://s.click.aliexpress.com/e/_c4CDf1tZ
128,GINFULL,RS13,PS5,ok,200,https://www.aliexpress.com/item/1005012756588850.html?aff_fcid=06ac5e961b3147b284373423dc765b25-1786926672213-01219-_c3hP6BGP&tt=CPS_NORMAL&aff_fsk=_c3hP6BGP&aff_platform=shareComponent-detail&sk=_c3hP6BGP&aff_trace_key=06ac5e961b3147b284373423dc765b25-1786926672213-01219-_c3hP6BGP&terminal_id=42d68072a11e43eebcebbe2f056a4ba9&afSmartRedirect=y,https://s.click.aliexpress.com/e/_c3hP6BGP
129,K-SILVER,JS13 PRO+,PS4,ok,200,https://www.aliexpress.com/item/1005008909842972.html?aff_fcid=f7092bd202864b15899f4188dbb40228-1786926672287-06397-_c3CNcqlV&tt=CPS_NORMAL&aff_fsk=_c3CNcqlV&aff_platform=shareComponent-detail&sk=_c3CNcqlV&aff_trace_key=f7092bd202864b15899f4188dbb40228-1786926672287-06397-_c3CNcqlV&terminal_id=79ddcc601e664d209754857c21a310a6&afSmartRedirect=y,https://s.click.aliexpress.com/e/_c3CNcqlV
130,K-SILVER,JS13 PRO+,PS5,ok,200,https://www.aliexpress.com/item/1005008909842972.html?aff_fcid=05b1c4d49c2a4aa880e03dade0e4b84c-1786926672383-01190-_c3CNcqlV&tt=CPS_NORMAL&aff_fsk=_c3CNcqlV&aff_platform=shareComponent-detail&sk=_c3CNcqlV&aff_trace_key=05b1c4d49c2a4aa880e03dade0e4b84c-1786926672383-01190-_c3CNcqlV&terminal_id=d4cc0a7ae9c54aa89b7f9f2c8b6f52fa&afSmartRedirect=y,https://s.click.aliexpress.com/e/_c3CNcqlV
131,K-SILVER,JS13 PRO+,XBOX,ok,200,https://www.aliexpress.com/item/1005008909842972.html?aff_fcid=b1cc805f11c646efa529cb49f5833f9e-1786926672408-05596-_c3CNcqlV&tt=CPS_NORMAL&aff_fsk=_c3CNcqlV&aff_platform=shareComponent-detail&sk=_c3CNcqlV&aff_trace_key=b1cc805f11c646efa529cb49f5833f9e-1786926672408-05596-_c3CNcqlV&terminal_id=4ffb038b7640469684741f94803c5921&afSmartRedirect=y,https://s.click.aliexpress.com/e/_c3CNcqlV
132,K-SILVER,JS13 PRO+,Switch pro,ok,200,https://www.aliexpress.com/item/1005008909842972.html?aff_fcid=67f4480c1b2541be86b49625bae3ae30-1786926672419-01721-_c3CNcqlV&tt=CPS_NORMAL&aff_fsk=_c3CNcqlV&aff_platform=shareComponent-detail&sk=_c3CNcqlV&aff_trace_key=67f4480c1b2541be86b49625bae3ae30-1786926672419-01721-_c3CNcqlV&terminal_id=4d502cc209fd4c788cd8719c4d86d281&afSmartRedirect=y,https://s.click.aliexpress.com/e/_c3CNcqlV
133,TMR,,PS4,ok,200,https://www.aliexpress.com/item/1005008519570209.html?aff_fcid=7573077e1d5d49189c4651e0b69de23b-1786926672434-03214-_c40qWskx&tt=CPS_NORMAL&aff_fsk=_c40qWskx&aff_platform=shareComponent-detail&sk=_c40qWskx&aff_trace_key=7573077e1d5d49189c4651e0b69de23b-1786926672434-03214-_c40qWskx&terminal_id=4e3fcd7c15e04c398de3d23d683d790e&afSmartRedirect=y,https://s.click.aliexpress.com/e/_c40qWskx
134,TMR,,PS5,ok,200,https://www.aliexpress.com/item/1005008519570209.html?aff_fcid=272c66e7037640d9a1c5c21d15a61f12-1786926672419-02426-_c40qWskx&tt=CPS_NORMAL&aff_fsk=_c40qWskx&aff_platform=shareComponent-detail&sk=_c40qWskx&aff_trace_key=272c66e7037640d9a1c5c21d15a61f12-1786926672419-02426-_c40qWskx&terminal_id=b42b6545a74144e48e2c987110fae70f&afSmartRedirect=y,https://s.click.aliexpress.com/e/_c40qWskx
135,TMR,,XBOX,ok,200,https://www.aliexpress.com/item/1005008519570209.html?aff_fcid=15f0970ef0a743e99b3bf460bca866b9-1786926672442-09963-_c40qWskx&tt=CPS_NORMAL&aff_fsk=_c40qWskx&aff_platform=shareComponent-detail&sk=_c40qWskx&aff_trace_key=15f0970ef0a743e99b3bf460bca866b9-1786926672442-09963-_c40qWskx&terminal_id=fd56f91f7088414f8d55377549cfd7a2&afSmartRedirect=y,https://s.click.aliexpress.com/e/_c40qWskx
136,GuliKit,,Switch pro,ok,200,https://www.aliexpress.com/item/1005007307245843.html?aff_fcid=12718d12f2404283afcc1796795e42ba-1786926672462-01614-_c3fQfTGB&tt=CPS_NORMAL&aff_fsk=_c3fQfTGB&aff_platform=shareComponent-detail&sk=_c3fQfTGB&aff_trace_key=12718d12f2404283afcc1796795e42ba-1786926672462-01614-_c3fQfTGB&terminal_id=d8e88c8c7c914beaa2e710ea3a128007&afSmartRedirect=y,https://s.click.aliexpress.com/e/_c3fQfTGB
137,GuliKit,,PS4,ok,200,https://www.aliexpress.com/item/1005007307245843.html?aff_fcid=5729ec9406d64cebb7f112375cebe00c-1786926672486-08445-_c3fQfTGB&tt=CPS_NORMAL&aff_fsk=_c3fQfTGB&aff_platform=shareComponent-detail&sk=_c3fQfTGB&aff_trace_key=5729ec9406d64cebb7f112375cebe00c-1786926672486-08445-_c3fQfTGB&terminal_id=46e5691f2b4541288bb4373a4465de27&afSmartRedirect=y,https://s.click.aliexpress.com/e/_c3fQfTGB
138,GuliKit,,PS5,ok,200,https://www.aliexpress.com/item/1005007307245843.html?aff_fcid=1343bce772b44557ab2da82ebef2a3e8-1786926672472-05501-_c3fQfTGB&tt=CPS_NORMAL&aff_fsk=_c3fQfTGB&aff_platform=shareComponent-detail&sk=_c3fQfTGB&aff_trace_key=1343bce772b44557ab2da82ebef2a3e8-1786926672472-05501-_c3fQfTGB&terminal_id=1ca6d03534324c31884da88dca0d8536&afSmartRedirect=y,https://s.click.aliexpress.com/e/_c3fQfTGB
139,GuliKit,,XBOX,ok,200,https://www.aliexpress.com/item/1005007307245843.html?aff_fcid=bb9d56b344df4ef6a19d5754a8b12a29-1786926672552-02265-_c3fQfTGB&tt=CPS_NORMAL&aff_fsk=_c3fQfTGB&aff_platform=shareComponent-detail&sk=_c3fQfTGB&aff_trace_key=bb9d56b344df4ef6a19d5754a8b12a29-1786926672552-02265-_c3fQfTGB&terminal_id=20602d3a7a8d4c8cbaa7ca72513ec776&afSmartRedirect=y,https://s.click.aliexpress.com/e/_c3fQfTGB
140,unbranded,,PS5,ok,200,https://www.aliexpress.com/item/1005010397502671.html?aff_fcid=7fa41593fee3430b940ff0fef9122db1-1786926672643-04414-_c2v4Hv1t&tt=CPS_NORMAL&aff_fsk=_c2v4Hv1t&aff_platform=shareComponent-detail&sk=_c2v4Hv1t&aff_trace_key=7fa41593fee3430b940ff0fef9122db1-1786926672643-04414-_c2v4Hv1t&terminal_id=154291ffcac44cca9cc27a6ef4a783c7&afSmartRedirect=y,https://s.click.aliexpress.com/e/_c2v4Hv1t
141,unbranded,,PS4,ok,200,https://www.aliexpress.com/item/1005008359303950.html?aff_fcid=b65963be0bf54459902789f74d71b858-1786926672692-07012-_c4Kog6HH&tt=CPS_NORMAL&aff_fsk=_c4Kog6HH&aff_platform=shareComponent-detail&sk=_c4Kog6HH&aff_trace_key=b65963be0bf54459902789f74d71b858-1786926672692-07012-_c4Kog6HH&terminal_id=1aecee0476334ebcbfd854b451eb3b84&afSmartRedirect=y,https://s.click.aliexpress.com/e/_c4Kog6HH
142,unbranded,,PS4,ok,200,https://www.aliexpress.com/item/1005009070337301.html?aff_fcid=425e5dc66a55448e895ed5ea5f7c6422-1786926672713-03538-_c3WMIZ8J&tt=CPS_NORMAL&aff_fsk=_c3WMIZ8J&aff_platform=shareComponent-detail&sk=_c3WMIZ8J&aff_trace_key=425e5dc66a55448e895ed5ea5f7c6422-1786926672713-03538-_c3WMIZ8J&terminal_id=b0bab673c852475ba8540824d077cb11&afSmartRedirect=y,https://s.click.aliexpress.com/e/_c3WMIZ8J
143,unbranded,,PS5,ok,200,https://www.aliexpress.com/item/1005005486526601.html?aff_fcid=749e7c61a8b1439ab9e3a512a2b96a3a-1786926672712-04340-_c3JJZEob&tt=CPS_NORMAL&aff_fsk=_c3JJZEob&aff_platform=shareComponent-detail&sk=_c3JJZEob&aff_trace_key=749e7c61a8b1439ab9e3a512a2b96a3a-1786926672712-04340-_c3JJZEob&terminal_id=49842e25c773498f9f709f7560caee96&afSmartRedirect=y,https://s.click.aliexpress.com/e/_c3JJZEob
144,unbranded,,XBOX,ok,200,https://www.aliexpress.com/item/1005009241274734.html?aff_fcid=56f287e7c9a84c05a944cdfdc15725c5-1786926672691-07424-_c4EkicIR&tt=CPS_NORMAL&aff_fsk=_c4EkicIR&aff_platform=shareComponent-detail&sk=_c4EkicIR&aff_trace_key=56f287e7c9a84c05a944cdfdc15725c5-1786926672691-07424-_c4EkicIR&terminal_id=1ac50941475142efa2292e7fe76a09a5&afSmartRedirect=y,https://s.click.aliexpress.com/e/_c4EkicIR
145,unbranded,,XBOX,ok,200,https://www.aliexpress.com/item/1005012742251633.html?aff_fcid=3b64f5f79ea844558789463d03af9bea-1786926672729-06646-_c3uD2tuP&tt=CPS_NORMAL&aff_fsk=_c3uD2tuP&aff_platform=shareComponent-detail&sk=_c3uD2tuP&aff_trace_key=3b64f5f79ea844558789463d03af9bea-1786926672729-06646-_c3uD2tuP&terminal_id=ed08baacd01247efad98a59964d2ef4b&afSmartRedirect=y,https://s.click.aliexpress.com/e/_c3uD2tuP
146,Picofly,,Switch,ok,200,https://www.aliexpress.com/item/1005012528493676.html?aff_fcid=98e1f232435d48f7857d86898973016b-1786926672764-05212-_c4mgPpUn&tt=CPS_NORMAL&aff_fsk=_c4mgPpUn&aff_platform=shareComponent-detail&sk=_c4mgPpUn&aff_trace_key=98e1f232435d48f7857d86898973016b-1786926672764-05212-_c4mgPpUn&terminal_id=313b09b81b0947e08c1655ce344eab80&afSmartRedirect=y,https://s.click.aliexpress.com/e/_c4mgPpUn
147,Picofly,RP2040,Switch,ok,200,https://www.aliexpress.com/item/1005012219578099.html?aff_fcid=8229905b94db4bfe940e8a69ead4e473-1786926672772-05596-_c3QWc0X1&tt=CPS_NORMAL&aff_fsk=_c3QWc0X1&aff_platform=shareComponent-detail&sk=_c3QWc0X1&aff_trace_key=8229905b94db4bfe940e8a69ead4e473-1786926672772-05596-_c3QWc0X1&terminal_id=3ae3e04a4ecf45b19bea363b3664c8fc&afSmartRedirect=y,https://s.click.aliexpress.com/e/_c3QWc0X1
148,unbranded,,Switch,ok,200,https://www.aliexpress.com/item/1005008703165788.html?aff_fcid=e751fb61cd5f41059c6dd0a6a53eb940-1786926672825-07059-_c3LQAS0x&tt=CPS_NORMAL&aff_fsk=_c3LQAS0x&aff_platform=shareComponent-detail&sk=_c3LQAS0x&aff_trace_key=e751fb61cd5f41059c6dd0a6a53eb940-1786926672825-07059-_c3LQAS0x&terminal_id=ce0a519146e14df18f7c51d2bf141a99&afSmartRedirect=y,https://s.click.aliexpress.com/e/_c3LQAS0x
149,MECHANIC,HBD-366,solder,ok,200,https://www.aliexpress.com/item/1005010278282961.html?aff_fcid=68da3014514a43f59b3698a37b9e10de-1786926672850-02374-_c3BhoXKx&tt=CPS_NORMAL&aff_fsk=_c3BhoXKx&aff_platform=shareComponent-detail&sk=_c3BhoXKx&aff_trace_key=68da3014514a43f59b3698a37b9e10de-1786926672850-02374-_c3BhoXKx&terminal_id=a4bc760800f647748180d15f17eb88dc&afSmartRedirect=y,https://s.click.aliexpress.com/e/_c3BhoXKx
150,MECHANIC,XGZ40,solder,ok,200,https://www.aliexpress.com/item/1005006055711042.html?aff_fcid=a082598320c8481ebf06d7be96c754e6-1786926672926-00410-_c3emRYoF&tt=CPS_NORMAL&aff_fsk=_c3emRYoF&aff_platform=shareComponent-detail&sk=_c3emRYoF&aff_trace_key=a082598320c8481ebf06d7be96c754e6-1786926672926-00410-_c3emRYoF&terminal_id=114d09f4bd41401bbe745b4db2c126a5&afSmartRedirect=y,https://s.click.aliexpress.com/e/_c3emRYoF
151,EMA,,solder,ok,200,https://www.aliexpress.com/item/1005010299156334.html?aff_fcid=ce6e9f8db9ff418f9e93efee10d4345c-1786926672961-02849-_c40kA8EX&tt=CPS_NORMAL&aff_fsk=_c40kA8EX&aff_platform=shareComponent-detail&sk=_c40kA8EX&aff_trace_key=ce6e9f8db9ff418f9e93efee10d4345c-1786926672961-02849-_c40kA8EX&terminal_id=cfb0a3a68d48432dba60b5867cc02fd3&afSmartRedirect=y,https://s.click.aliexpress.com/e/_c40kA8EX
152,RELIFE,RL-440,solder,ok,200,https://www.aliexpress.com/item/1005007328934825.html?aff_fcid=cc237ec36cad4aabacba7dccc4388a06-1786926672980-00753-_c4PK7W99&tt=CPS_NORMAL&aff_fsk=_c4PK7W99&aff_platform=shareComponent-detail&sk=_c4PK7W99&aff_trace_key=cc237ec36cad4aabacba7dccc4388a06-1786926672980-00753-_c4PK7W99&terminal_id=25d9078cdbf34f9bb94d4b929e80521f&afSmartRedirect=y,https://s.click.aliexpress.com/e/_c4PK7W99
153,BAKU,,solder,ok,200,https://www.aliexpress.com/item/32824531083.html?aff_fcid=6ff18c85fc934a25872b9ccfa7cab4a2-1786926672970-08014-_c40VhkcT&tt=CPS_NORMAL&aff_fsk=_c40VhkcT&aff_platform=shareComponent-detail&sk=_c40VhkcT&aff_trace_key=6ff18c85fc934a25872b9ccfa7cab4a2-1786926672970-08014-_c40VhkcT&terminal_id=df09a88180a14edf8be3c37420c2613d&afSmartRedirect=y,https://s.click.aliexpress.com/e/_c40VhkcT
154,GEEBOON,c470,tips,ok,200,https://www.aliexpress.com/item/1005006511906040.html?aff_fcid=456f6b37258249f3ba56de5ce38e00bd-1786926673003-03189-_c3QPRaOF&tt=CPS_NORMAL&aff_fsk=_c3QPRaOF&aff_platform=shareComponent-detail&sk=_c3QPRaOF&aff_trace_key=456f6b37258249f3ba56de5ce38e00bd-1786926673003-03189-_c3QPRaOF&terminal_id=df954749a0754135a7cccf92b1d5df1b&afSmartRedirect=y,https://s.click.aliexpress.com/e/_c3QPRaOF
155,OSS,c470,tips,ok,200,https://www.aliexpress.com/item/1005012099094505.html?aff_fcid=f4c3a4b2d7a846879b692edff60e477b-1786926673000-00324-_c3MeiCMr&tt=CPS_NORMAL&aff_fsk=_c3MeiCMr&aff_platform=shareComponent-detail&sk=_c3MeiCMr&aff_trace_key=f4c3a4b2d7a846879b692edff60e477b-1786926673000-00324-_c3MeiCMr&terminal_id=0161ea755a3f44a2976f4ca6b27b6f1b&afSmartRedirect=y,https://s.click.aliexpress.com/e/_c3MeiCMr
156,YUTO,c470,tips,ok,200,https://www.aliexpress.com/item/1005012724503981.html?aff_fcid=9c599a133ebf47ddb61c0c6faa47a8ac-1786926673048-03695-_c3FSmSWb&tt=CPS_NORMAL&aff_fsk=_c3FSmSWb&aff_platform=shareComponent-detail&sk=_c3FSmSWb&aff_trace_key=9c599a133ebf47ddb61c0c6faa47a8ac-1786926673048-03695-_c3FSmSWb&terminal_id=8c7befac8bfd4de686b0c1bb0a95c4e1&afSmartRedirect=y,https://s.click.aliexpress.com/e/_c3FSmSWb
157,Qianli,h240,station,ok,200,https://www.aliexpress.com/item/1005012624348405.html?aff_fcid=3dccc5d2474a403a80881e5b0c33c938-1786926673061-04064-_c3JTNDZH&tt=CPS_NORMAL&aff_fsk=_c3JTNDZH&aff_platform=shareComponent-detail&sk=_c3JTNDZH&aff_trace_key=3dccc5d2474a403a80881e5b0c33c938-1786926673061-04064-_c3JTNDZH&terminal_id=b5aca176248546a5b9548deaec336fe0&afSmartRedirect=y,https://s.click.aliexpress.com/e/_c3JTNDZH
158,Qianli,h400,station,ok,200,https://www.aliexpress.com/item/1005012749807477.html?aff_fcid=2946d582f206419fbc7e0ef8ec7129dd-1786926673098-03814-_c353VpAP&tt=CPS_NORMAL&aff_fsk=_c353VpAP&aff_platform=shareComponent-detail&sk=_c353VpAP&aff_trace_key=2946d582f206419fbc7e0ef8ec7129dd-1786926673098-03814-_c353VpAP&terminal_id=eeefb6b2d05444a7a4f7cfb379ad9b0b&afSmartRedirect=y,https://s.click.aliexpress.com/e/_c353VpAP
159,Qianli,T245,handles,ok,200,https://www.aliexpress.com/item/1005012639018820.html?aff_fcid=0253e27fd6ea4834816963f9e41af6f3-1786926673109-09123-_c3BHPomj&tt=CPS_NORMAL&aff_fsk=_c3BHPomj&aff_platform=shareComponent-detail&sk=_c3BHPomj&aff_trace_key=0253e27fd6ea4834816963f9e41af6f3-1786926673109-09123-_c3BHPomj&terminal_id=a25bc423b75440f7ae5d8f7bd504c6fa&afSmartRedirect=y,https://s.click.aliexpress.com/e/_c3BHPomj
160,Qianli,T210,handles,ok,200,https://www.aliexpress.com/item/1005012639018820.html?aff_fcid=6ef458233fda4e628a565de38de891a4-1786926673187-01133-_c3BHPomj&tt=CPS_NORMAL&aff_fsk=_c3BHPomj&aff_platform=shareComponent-detail&sk=_c3BHPomj&aff_trace_key=6ef458233fda4e628a565de38de891a4-1786926673187-01133-_c3BHPomj&terminal_id=fa9697b00f4641e9a321365660cdcc61&afSmartRedirect=y,https://s.click.aliexpress.com/e/_c3BHPomj
161,Qianli,T470,handles,ok,200,https://www.aliexpress.com/item/1005012639018820.html?aff_fcid=0ae33d14c92243d4a2aeca0881fcb4fb-1786926673223-08990-_c3BHPomj&tt=CPS_NORMAL&aff_fsk=_c3BHPomj&aff_platform=shareComponent-detail&sk=_c3BHPomj&aff_trace_key=0ae33d14c92243d4a2aeca0881fcb4fb-1786926673223-08990-_c3BHPomj&terminal_id=137ab2e16b17429db8b99de24a9981b2&afSmartRedirect=y,https://s.click.aliexpress.com/e/_c3BHPomj
162,Mechanic,HX T100,solder,ok,200,https://www.aliexpress.com/item/3256812500097922.html?pdp_npi=6%40dis%21EUR%2113.42%216.71%21%21%21101.87%2150.93%21%400baf5f4517866436363961086d91bb%2112000059042873656%21affd%21%21%21%211%210%21&aff_fcid=7ab13149a769477681f20d84de39795d-1786926673225-03265-_c4r9jpcx&aff_fsk=_c4r9jpcx&aff_platform=portals-billboard-sea&sk=_c4r9jpcx&aff_trace_key=7ab13149a769477681f20d84de39795d-1786926673225-03265-_c4r9jpcx&terminal_id=29a2db11b3584dc6b4d835d266ea33bf&afSmartRedirect=y,https://s.click.aliexpress.com/e/_c4r9jpcx
163,Geeboon,T210,handles,ok,200,https://www.aliexpress.com/item/1005007192611695.html?aff_fcid=93323fab17d54baca6293675b2ed4782-1786926673250-02303-_c3xiJVnV&tt=CPS_NORMAL&aff_fsk=_c3xiJVnV&aff_platform=shareComponent-detail&sk=_c3xiJVnV&aff_trace_key=93323fab17d54baca6293675b2ed4782-1786926673250-02303-_c3xiJVnV&terminal_id=933c2b698efd489d8bed575ccfad5dbf&afSmartRedirect=y,https://s.click.aliexpress.com/e/_c3xiJVnV
164,Sunkko,737G,spotwelder,dead,200,not a product page → https://best.aliexpress.com/?commercial_type=bestPage&hc_1214_tag=ByAffPage&aff_fcid=b44daed52fc4414d893ec2ffc978d15d-1786926673559-04429-_pz9sEiR&aff_fsk=_pz9sEiR&aff_platform=portals-promotion&sk=_pz9sEiR&aff_trace_key=b44daed52fc4414d893ec2ffc978d15d-1786926673559-04429-_pz9sEiR&terminal_id=7eca91df53d94f7cb5d91c12590dc24f,https://s.click.aliexpress.com/e/_c4exampleSW
165,Generic,0.15x8mm Pure Nickel,stripes,dead,200,not a product page → https://best.aliexpress.com/?commercial_type=bestPage&hc_1214_tag=ByAffPage&aff_fcid=d57f9c33147e48559ab2e79693dbb055-1786926673576-05363-_pz9sEiR&aff_fsk=_pz9sEiR&aff_platform=portals-promotion&sk=_pz9sEiR&aff_trace_key=d57f9c33147e48559ab2e79693dbb055-1786926673576-05363-_pz9sEiR&terminal_id=689be4f1309d43bdb1e553bdd386abf4,https://s.click.aliexpress.com/e/_c4exampleST
166,Mechanic,Battery Flux,spotflux,dead,200,not a product page → https://best.aliexpress.com/?commercial_type=bestPage&hc_1214_tag=ByAffPage&aff_fcid=d6523ce3bd344103b5cc9e22a1c9d4ae-1786926673577-09478-_pz9sEiR&aff_fsk=_pz9sEiR&aff_platform=portals-promotion&sk=_pz9sEiR&aff_trace_key=d6523ce3bd344103b5cc9e22a1c9d4ae-1786926673577-09478-_pz9sEiR&terminal_id=4026ed0a55a7431998b460c4b000b424,https://s.click.aliexpress.com/e/_c4exampleSF
167,ANENG,AN8009,multimeter,dead,200,not a product page → https://best.aliexpress.com/?commercial_type=bestPage&hc_1214_tag=ByAffPage&aff_fcid=e6093d8be8164b31b111530d0a2f84fe-1786926673606-08461-_pz9sEiR&aff_fsk=_pz9sEiR&aff_platform=portals-promotion&sk=_pz9sEiR&aff_trace_key=e6093d8be8164b31b111530d0a2f84fe-1786926673606-08461-_pz9sEiR&terminal_id=4ad023ddb75147c89c0017ea0a24f76c,https://s.click.aliexpress.com/e/_c4exampleMM
168,FNIRSI,1013D,oscilloscope,dead,200,not a product page → https://best.aliexpress.com/?commercial_type=bestPage&hc_1214_tag=ByAffPage&aff_fcid=3502e83d89f64b1d9d3c7c46b547ab87-1786926673687-01882-_pz9sEiR&aff_fsk=_pz9sEiR&aff_platform=portals-promotion&sk=_pz9sEiR&aff_trace_key=3502e83d89f64b1d9d3c7c46b547ab87-1786926673687-01882-_pz9sEiR&terminal_id=4d67e561a1bc44eba634dd708aba5966,https://s.click.aliexpress.com/e/_c4exampleOSC
169,YOWEXA,YC2511,milliohm,dead,200,not a product page → https://best.aliexpress.com/?commercial_type=bestPage&hc_1214_tag=ByAffPage&aff_fcid=4ab262d3cf1e43ea8bdd5ea95543b76c-1786926673660-00890-_pz9sEiR&aff_fsk=_pz9sEiR&aff_platform=portals-promotion&sk=_pz9sEiR&aff_trace_key=4ab262d3cf1e43ea8bdd5ea95543b76c-1786926673660-00890-_pz9sEiR&terminal_id=c6da0e929c204ee99fc3d20ad16b50b0,https://s.click.aliexpress.com/e/_c4exampleMO
170,DER EE,DE-5000,lcr,dead,200,not a product page → https://best.aliexpress.com/?commercial_type=bestPage&hc_1214_tag=ByAffPage&aff_fcid=491166cbf95949f3a50419464c6dfba4-1786926673730-08048-_pz9sEiR&aff_fsk=_pz9sEiR&aff_platform=portals-promotion&sk=_pz9sEiR&aff_trace_key=491166cbf95949f3a50419464c6dfba4-1786926673730-08048-_pz9sEiR&terminal_id=3856f95710ea46738fd7724f2f866ae5,https://s.click.aliexpress.com/e/_c4exampleLCR
171,Multi-function,M328 ESR,component,dead,200,not a product page → https://best.aliexpress.com/?commercial_type=bestPage&hc_1214_tag=ByAffPage&aff_fcid=17b06ef6091740d6a861ea326ab0971d-1786926673787-04870-_pz9sEiR&aff_fsk=_pz9sEiR&aff_platform=portals-promotion&sk=_pz9sEiR&aff_trace_key=17b06ef6091740d6a861ea326ab0971d-1786926673787-04870-_pz9sEiR&terminal_id=ab8e8804f2cf4d51b0a742b8f654073a,https://s.click.aliexpress.com/e/_c4exampleCT
172,RD Tech,RD6006,psu,dead,200,not a product page → https://best.aliexpress.com/?commercial_type=bestPage&hc_1214_tag=ByAffPage&aff_fcid=a8dde77297b24e83a5f15da76e547d26-1786926673776-07983-_pz9sEiR&aff_fsk=_pz9sEiR&aff_platform=portals-promotion&sk=_pz9sEiR&aff_trace_key=a8dde77297b24e83a5f15da76e547d26-1786926673776-07983-_pz9sEiR&terminal_id=7820ad8cd76e47549d21f0be31a37485,https://s.click.aliexpress.com/e/_c4examplePSU
173,KUAIQU,SPS3010,psu,dead,200,not a product page → https://best.aliexpress.com/?commercial_type=bestPage&hc_1214_tag=ByAffPage&aff_fcid=abf9a2bfe60a432e98fd48ae09f09f19-1786926673801-09789-_pz9sEiR&aff_fsk=_pz9sEiR&aff_platform=portals-promotion&sk=_pz9sEiR&aff_trace_key=abf9a2bfe60a432e98fd48ae09f09f19-1786926673801-09789-_pz9sEiR&terminal_id=7091fbdbdf3340748b6359c275f30237,https://s.click.aliexpress.com/e/_c4examplePSU2
174,Samsung,INR18650-30Q,battery,dead,200,not a product page → https://best.aliexpress.com/?commercial_type=bestPage&hc_1214_tag=ByAffPage&aff_fcid=f8beff2147c1420780aae5ba926e985f-1786926674378-09012-_pz9sEiR&aff_fsk=_pz9sEiR&aff_platform=portals-promotion&sk=_pz9sEiR&aff_trace_key=f8beff2147c1420780aae5ba926e985f-1786926674378-09012-_pz9sEiR&terminal_id=878ee209361842b69ec6ac2ac2c6a15c,https://s.click.aliexpress.com/e/_c4exampleBAT
175,Molicel,P28A,battery,dead,200,not a product page → https://best.aliexpress.com/,https://s.click.aliexpress.com/e/_c4exampleBAT2
176,Generic,Power Button Board,PS5,dead,200,not a product page → https://best.aliexpress.com/,https://s.click.aliexpress.com/e/_c4exampleBTN
177,Generic,USB Flex Cable,PS5,dead,200,not a product page → https://best.aliexpress.com/,https://s.click.aliexpress.com/e/_c4exampleFLEX
178,Generic,HDMI Capacitor Set,PS4,dead,200,not a product page → https://best.aliexpress.com/,https://s.click.aliexpress.com/e/_c4exampleCAP
179,Generic,SMD Capacitor Kit 0805,other,dead,200,not a product page → https://best.aliexpress.com/,https://s.click.aliexpress.com/e/_c4exampleOTHER
