id,brand,model,sub_category,link,image
1,Geeboon,TC22,station,https://s.click.aliexpress.com/e/_c4DLcZ1p,images/products/1.jpg
2,Geeboon,HC24,station,https://s.click.aliexpress.com/e/_c4CltYZl,images/products/2.jpg
3,FNIRSI,DWS-200,station,https://s.click.aliexpress.com/e/_c4mnYypV,images/products/3.png
4,FNIRSI,HS-02A,portable,https://s.click.aliexpress.com/e/_c2zEVY71,images/products/4.jpg
5,FNIRSI,HS-02B,portable,https://s.click.aliexpress.com/e/_c2zEVY71,images/products/5.jpg
6,FNIRSI,HS-03,portable,https://s.click.aliexpress.com/e/_c38zGaGj,images/products/6.png
7,FNIRSI,HS-01,portable,https://s.click.aliexpress.com/e/_c4Oig13d,images/products/7.jpg
8,ALIENTEK,T80,portable,https://s.click.aliexpress.com/e/_c3yzpxdt,images/products/8.jpg
9,ALIENTEK,T90A,portable,https://s.click.aliexpress.com/e/_c4XoYyRh,images/products/9.jpg
10,ALIENTEK,T90B,portable,https://s.click.aliexpress.com/e/_c4XoYyRh,images/products/10.jpg
11,AIFEN,A11,portable,https://s.click.aliexpress.com/e/_c39Lv53l,images/products/11.png
12,ANENG,SL108,portable,https://s.click.aliexpress.com/e/_c4tJEpK3,images/products/12.jpg
13,JCD,,iron,https://s.click.aliexpress.com/e/_c3KxYbgX,images/products/13.jpg
14,SEQURE,SI012 Pro Max,portable,https://s.click.aliexpress.com/e/_c3tfQvp1,images/products/14.jpg
15,MINIWARE,TS21,portable,https://s.click.aliexpress.com/e/_c3PA1MJD,images/products/15.jpg
16,ANENG,SL106,iron,https://s.click.aliexpress.com/e/_c4bIfk5H,images/products/16.jpg
17,RELIFE,936,iron,https://s.click.aliexpress.com/e/_c3g8l8gL,images/products/17.jpg
18,PS5,Joystick,tips,https://s.click.aliexpress.com/e/_c3IxbJP9,images/products/18.jpg
19,PS4,Joystick,tips,https://s.click.aliexpress.com/e/_c3IxbJP9,images/products/19.jpg
20,Switch Pro,Joystick,tips,https://s.click.aliexpress.com/e/_c3IxbJP9,images/products/20.jpg
21,PS5,Joystick,tips,https://s.click.aliexpress.com/e/_c3IxbJP9,images/products/21.jpg
22,PS4,Joystick,tips,https://s.click.aliexpress.com/e/_c3IxbJP9,images/products/22.jpg
23,Switch Pro,Joystick,tips,https://s.click.aliexpress.com/e/_c3IxbJP9,images/products/23.jpg
24,PS5,Joystick,tips,https://s.click.aliexpress.com/e/_c3IxbJP9,images/products/24.jpg
25,PS4,Joystick,tips,https://s.click.aliexpress.com/e/_c3IxbJP9,images/products/25.jpg
26,Switch Pro,Joystick,tips,https://s.click.aliexpress.com/e/_c3IxbJP9,images/products/26.jpg
27,XBOX,Joystick,tips,https://s.click.aliexpress.com/e/_c3IxbJP9,images/products/27.jpg
28,XBOX,Joystick,tips,https://s.click.aliexpress.com/e/_c3IxbJP9,images/products/28.jpg
29,XBOX,Joystick,tips,https://s.click.aliexpress.com/e/_c3IxbJP9,images/products/29.jpg
30,Geeboon,T245,handles,https://s.click.aliexpress.com/e/_c3xiJVnV,images/products/30.jpg
31,Geeboon,T115,handles,https://s.click.aliexpress.com/e/_c3xiJVnV,images/products/31.jpg
32,Geeboon,T12,handles,https://s.click.aliexpress.com/e/_c3xiJVnV,images/products/32.jpg
33,Geeboon,T210,handles,https://s.click.aliexpress.com/e/_c3xiJVnV,images/products/33.jpg
34,SUGON,A9,station,https://s.click.aliexpress.com/e/_c2zOYJHh,images/products/34.jpg
35,SUGON,T245,handles,https://s.click.aliexpress.com/e/_c4PPTVKF,images/products/35.jpg
36,SUGON,T115,handles,https://s.click.aliexpress.com/e/_c4PPTVKF,images/products/36.jpg
37,SUGON,T12,handles,https://s.click.aliexpress.com/e/_c4PPTVKF,images/products/37.jpg
38,SUGON,T210,handles,https://s.click.aliexpress.com/e/_c4PPTVKF,images/products/38.jpg
39,AIFEN,A9PRO,station,https://s.click.aliexpress.com/e/_c43mqCh5,images/products/39.jpg
40,SUGON,T61,station,https://s.click.aliexpress.com/e/_c33xFm15,images/products/40.jpg
41,SUGON,T3602,station,https://s.click.aliexpress.com/e/_c4pOjp3z,images/products/41.jpg
42,SUGON,T21,station,https://s.click.aliexpress.com/e/_c4FgRB75,images/products/42.jpg
43,AIXUN,T3A,station,https://s.click.aliexpress.com/e/_c3wNHYPv,images/products/43.jpg
44,AIXUN,T3B,station,https://s.click.aliexpress.com/e/_c3wNHYPv,images/products/44.png
45,AIXUN,T3A,handles,https://s.click.aliexpress.com/e/_c2wc3b5Z,images/products/45.jpg
46,AIXUN,T3B,handles,https://s.click.aliexpress.com/e/_c2wc3b5Z,images/products/46.jpg
47,AIXUN,T3B,handles,https://s.click.aliexpress.com/e/_c2wc3b5Z,images/products/47.jpg
48,AIXUN,T420D,station,https://s.click.aliexpress.com/e/_c3UynA4L,images/products/48.jpg
49,OSS,T12,station,https://s.click.aliexpress.com/e/_c323AagF,images/products/49.jpg
50,OSS,T245,station,https://s.click.aliexpress.com/e/_c4CGqHBN,images/products/50.jpg
51,OSS,T210,station,https://s.click.aliexpress.com/e/_c3QHBoRt,images/products/51.jpg
52,OSS,T115,station,https://s.click.aliexpress.com/e/_c3QHBoRt,images/products/52.jpg
53,FNIRSI,SAG-55,hotair,https://s.click.aliexpress.com/e/_c2JcaBfd,images/products/53.png
54,AIFEN,868D,hotair,https://s.click.aliexpress.com/e/_c4bjRl2T,images/products/54.jpg
55,LUOWEI,HG-01,hotair,https://s.click.aliexpress.com/e/_c3safEs3,images/products/55.jpg
56,SUGON,2020D,hotair,https://s.click.aliexpress.com/e/_c3KWbJ35,images/products/56.jpg
57,RF4,RF-H2,hotair,https://s.click.aliexpress.com/e/_c41Punuf,images/products/57.jpg
58,QUICK,2008 PRO,hotair,https://s.click.aliexpress.com/e/_c44oS9Gf,images/products/58.jpg
59,FORWARD,FW-HA01,hotair,https://s.click.aliexpress.com/e/_c3oX36mX,images/products/59.jpg
60,YCS,NO.1,hotair,https://s.click.aliexpress.com/e/_c4ptRgLt,images/products/60.jpg
61,MECHANIC,AIRNOVA,hotair,https://s.click.aliexpress.com/e/_c35IqzxN,images/products/61.jpg
62,ATTEN,ST-862D,hotair,https://s.click.aliexpress.com/e/_c3qdrHyr,images/products/62.jpg
63,SUGON,8610DX-PRO,hotair,https://s.click.aliexpress.com/e/_c4ctstL9,images/products/63.jpg
64,QUICK,861DW,hotair,https://s.click.aliexpress.com/e/_c3LiIvmj,images/products/64.jpg
65,AIFEN,F5PRO,hotair,https://s.click.aliexpress.com/e/_c45u11rN,images/products/65.jpg
66,Aixun,H310D,hotair,https://s.click.aliexpress.com/e/_c3tSWdpZ,images/products/66.jpg
67,YCS,R1 Pro,hotair,https://s.click.aliexpress.com/e/_c4X1CZwx,images/products/67.jpg
68,Aixun,H312,hotair,https://s.click.aliexpress.com/e/_c3D2rUvd,images/products/68.jpg
69,SUGON,8620DX PRO,hotair,https://s.click.aliexpress.com/e/_c3881eLh,images/products/69.jpg
70,SUGON,8650Pro,hotair,https://s.click.aliexpress.com/e/_c30acTNv,images/products/70.jpg
71,QUICK,861 Pro,hotair,https://s.click.aliexpress.com/e/_c3lAlY7Z,images/products/71.jpg
72,YCS,R1 Ultra,hotair,https://s.click.aliexpress.com/e/_c3Z5jrFl,images/products/72.jpg
73,Aixun,H314,hotair,https://s.click.aliexpress.com/e/_c37wizAb,images/products/73.jpg
74,AiXun,H414D,hotair,https://s.click.aliexpress.com/e/_c3sFAGW,images/products/74.jpg
75,JBC,C245,tips,https://s.click.aliexpress.com/e/_c3vtdVrd,images/products/75.jpg
76,QUICKO,C245,tips,https://s.click.aliexpress.com/e/_c44dyQjh,images/products/76.jpg
77,YIHUA,982-I C245,station,https://s.click.aliexpress.com/e/_c3loDd8P,images/products/77.jpg
78,YIHUA,982-I C210,station,https://s.click.aliexpress.com/e/_c3loDd8P,images/products/78.jpg
79,GEEBOON,C245,tips,https://s.click.aliexpress.com/e/_c3bVqk9z,images/products/79.jpg
80,YIHUA,8786D,combo,https://s.click.aliexpress.com/e/_c3QTwgbv,images/products/80.jpg
81,YIHUA,938BD-II,combo,https://s.click.aliexpress.com/e/_c4OW37cX,images/products/81.jpg
82,,8898,combo,https://s.click.aliexpress.com/e/_c4N5k6fv,images/products/82.jpg
83,,8586,combo,https://s.click.aliexpress.com/e/_c3U3b7YP,images/products/83.jpg
84,JCB,8898,combo,https://s.click.aliexpress.com/e/_c35IMBJd,images/products/84.jpg
85,JCB,8586D,combo,https://s.click.aliexpress.com/e/_c4KUhtw7,images/products/85.jpg
86,Fengshengxin,,wick,https://s.click.aliexpress.com/e/_c45pxScx,images/products/86.png
87,MECHANIC,DW50,wick,https://s.click.aliexpress.com/e/_c3kggOPt,images/products/87.jpg
88,YCS,2015,wick,https://s.click.aliexpress.com/e/_c4P3ybaL,images/products/88.jpg
89,2UUL,DW21,wick,https://s.click.aliexpress.com/e/_c3vjdn4r,images/products/89.jpg
90,2UUL,DW16,wick,https://s.click.aliexpress.com/e/_c3yTd5pt,images/products/90.png
91,RELIFE,,wick,https://s.click.aliexpress.com/e/_c3nPOH6j,images/products/91.jpg
92,OSS,C245,tips,https://s.click.aliexpress.com/e/_c3Xz1bNt,images/products/92.jpg
93,OSS,C210,tips,https://s.click.aliexpress.com/e/_c3Xz1bNt,images/products/93.jpg
94,OSS,C115,tips,https://s.click.aliexpress.com/e/_c3Xz1bNt,images/products/94.jpg
95,SIKO,C245,tips,https://s.click.aliexpress.com/e/_c4toTswP,images/products/95.jpg
96,SIKO,C210,tips,https://s.click.aliexpress.com/e/_c4toTswP,images/products/96.jpg
97,KAISI,C245,tips,https://s.click.aliexpress.com/e/_c3G5WWUT,images/products/97.jpg
98,KAISI,C210,tips,https://s.click.aliexpress.com/e/_c3G5WWUT,images/products/98.jpg
99,KAISI,C115,tips,https://s.click.aliexpress.com/e/_c3G5WWUT,images/products/99.jpg
100,GEEBOON,C210,tips,https://s.click.aliexpress.com/e/_c3sbZwyL,images/products/100.jpg
101,GEEBOON,C115,tips,https://s.click.aliexpress.com/e/_c3sbZwyL,images/products/101.jpg
102,MECHANIC,C210,tips,https://s.click.aliexpress.com/e/_c4SV5Cjp,images/products/102.jpg
103,MAGMA,C210,tips,https://s.click.aliexpress.com/e/_c4404b1D,images/products/103.jpg
104,MAGMA,C115,tips,https://s.click.aliexpress.com/e/_c4404b1D,images/products/104.jpg
105,,T12,tips,https://s.click.aliexpress.com/e/_c45F9w6J,images/products/105.jpg
106,GEEBOON,T12,tips,https://s.click.aliexpress.com/e/_c3hMS7CB,images/products/106.jpg
107,,T12,tips,https://s.click.aliexpress.com/e/_c3OB5rYP,images/products/107.jpg
108,HZY,C245,tips,https://s.click.aliexpress.com/e/_c3QCkI5V,images/products/108.jpg
109,HZY,C210,tips,https://s.click.aliexpress.com/e/_c3ovlEP1,images/products/109.jpg
110,SUGON,C210,tips,https://s.click.aliexpress.com/e/_c3QC5oXZ,images/products/110.jpg
111,2UUL,C210,tips,https://s.click.aliexpress.com/e/_c3tNvswP,images/products/111.jpg
112,YIHUA,900M,tips,https://s.click.aliexpress.com/e/_c3AYjjE3,images/products/112.jpg
113,MECHANIC,900M,tips,https://s.click.aliexpress.com/e/_c4t587RH,images/products/113.jpg
114,MECHANIC,900M,tips,https://s.click.aliexpress.com/e/_c2J75mzl,images/products/114.jpg
115,STONEGO,900M,tips,https://s.click.aliexpress.com/e/_c3Q1afiL,images/products/115.jpg
116,JCD,,pump,https://s.click.aliexpress.com/e/_c45uAlT5,images/products/116.jpg
117,,,pump,https://s.click.aliexpress.com/e/_c3pN3Jvh,images/products/117.jpg
118,RELIFE,,pump,https://s.click.aliexpress.com/e/_c4d8YeeX,images/products/118.jpg
119,MECHANIC,M35 NANO,flux,https://s.click.aliexpress.com/e/_c3NbPFuR,images/products/119.jpg
120,Kingbo,Rma-218,flux,https://s.click.aliexpress.com/e/_c4bGnD1D,images/products/120.jpg
121,DSUNYK,NC-559-ASM,flux,https://s.click.aliexpress.com/e/_c3xHzsPZ,images/products/121.jpg
122,RELIFE,HW11,flux,https://s.click.aliexpress.com/e/_c3uOIc5z,images/products/122.jpg
123,MECHANIC,UV559,flux,https://s.click.aliexpress.com/e/_c2Q6ZzhZ,images/products/123.jpg
124,Amtech,RMA-218,flux,https://s.click.aliexpress.com/e/_c35ZtDhZ,images/products/124.jpg
125,AMAOE,M53,flux,https://s.click.aliexpress.com/e/_c3ChXuPt,images/products/125.jpg
126,RELIFE,RL-403,solder,https://s.click.aliexpress.com/e/_c4rhKq9H,images/products/126.jpg
127,2UUL,SC14,flux,https://s.click.aliexpress.com/e/_c4CDf1tZ,images/products/127.jpg
128,GINFULL,RS13,PS5,https://s.click.aliexpress.com/e/_c3hP6BGP,images/products/128.jpg
129,K-SILVER,JS13 PRO+,PS4,https://s.click.aliexpress.com/e/_c3CNcqlV,images/products/129.jpg
130,K-SILVER,JS13 PRO+,PS5,https://s.click.aliexpress.com/e/_c3CNcqlV,images/products/130.jpg
131,K-SILVER,JS13 PRO+,XBOX,https://s.click.aliexpress.com/e/_c3CNcqlV,images/products/131.jpg
132,K-SILVER,JS13 PRO+,Switch pro,https://s.click.aliexpress.com/e/_c3CNcqlV,images/products/132.jpg
133,TMR,,PS4,https://s.click.aliexpress.com/e/_c40qWskx,images/products/133.jpg
134,TMR,,PS5,https://s.click.aliexpress.com/e/_c40qWskx,images/products/134.jpg
135,TMR,,XBOX,https://s.click.aliexpress.com/e/_c40qWskx,images/products/135.jpg
136,GuliKit,,Switch pro,https://s.click.aliexpress.com/e/_c3fQfTGB,images/products/136.jpg
137,GuliKit,,PS4,https://s.click.aliexpress.com/e/_c3fQfTGB,images/products/137.jpg
138,GuliKit,,PS5,https://s.click.aliexpress.com/e/_c3fQfTGB,images/products/138.jpg
139,GuliKit,,XBOX,https://s.click.aliexpress.com/e/_c3fQfTGB,images/products/139.jpg
140,,,PS5,https://s.click.aliexpress.com/e/_c2v4Hv1t,images/products/140.jpg
141,,,PS4,https://s.click.aliexpress.com/e/_c4Kog6HH,images/products/141.jpg
142,,,PS4,https://s.click.aliexpress.com/e/_c3WMIZ8J,images/products/142.jpg
143,,,PS5,https://s.click.aliexpress.com/e/_c3JJZEob,images/products/143.jpg
144,,,XBOX,https://s.click.aliexpress.com/e/_c4EkicIR,images/products/144.jpg
145,,,XBOX,https://s.click.aliexpress.com/e/_c3uD2tuP,images/products/145.jpg
146,Picofly,,Switch,https://s.click.aliexpress.com/e/_c4mgPpUn,images/products/146.jpg
147,Picofly,RP2040,Switch,https://s.click.aliexpress.com/e/_c3QWc0X1,images/products/147.jpg
148,,,Switch,https://s.click.aliexpress.com/e/_c3LQAS0x,images/products/148.jpg
149,MECHANIC,HBD-366,solder,https://s.click.aliexpress.com/e/_c3BhoXKx,images/products/149.jpg
150,MECHANIC,XGZ40,solder,https://s.click.aliexpress.com/e/_c3emRYoF,images/products/150.jpg
151,EMA,,solder,https://s.click.aliexpress.com/e/_c40kA8EX,images/products/151.jpg
152,RELIFE,RL-440,solder,https://s.click.aliexpress.com/e/_c4PK7W99,images/products/152.jpg
153,BAKU,,solder,https://s.click.aliexpress.com/e/_c40VhkcT,images/products/153.jpg
154,GEEBOON,c470,tips,https://s.click.aliexpress.com/e/_c3QPRaOF,images/products/154.jpg
155,OSS,c470,tips,https://s.click.aliexpress.com/e/_c3MeiCMr,images/products/155.jpg
156,YUTO,c470,tips,https://s.click.aliexpress.com/e/_c3FSmSWb,images/products/156.jpg
157,Qianli,h240,station,https://s.click.aliexpress.com/e/_c3JTNDZH,images/products/157.jpg
158,Qianli,h400,station,https://s.click.aliexpress.com/e/_c353VpAP,images/products/158.jpg
159,Qianli,T245,handles,https://s.click.aliexpress.com/e/_c3BHPomj,images/products/159.jpg
160,Qianli,T210,handles,https://s.click.aliexpress.com/e/_c3BHPomj,images/products/160.jpg
161,Qianli,T470,handles,https://s.click.aliexpress.com/e/_c3BHPomj,images/products/161.jpg
162,Mechanic,HX T100,solder,https://s.click.aliexpress.com/e/_c4r9jpcx,images/products/162.jpg
163,Geeboon,T210,handles,https://s.click.aliexpress.com/e/_c3xiJVnV,images/products/163.jpg
164,FNIRSI,2C23T,multimeter,https://s.click.aliexpress.com/e/_c3ZVIGpt,images/products/164.png
165,NJTY,T21L,multimeter,https://s.click.aliexpress.com/e/_c3Z6lrVN,images/products/165.png
166,UNI-T,UT890C,multimeter,https://s.click.aliexpress.com/e/_c4lEP1BD,images/products/166.jpg
167,ANENG,DM850,multimeter,https://s.click.aliexpress.com/e/_c4rjDJob,images/products/167.jpg
168,Owon,SDS1102,oscilloscope,https://s.click.aliexpress.com/e/_c4NqAIJ9,images/products/168.jpg
169,FNIRSI,1014D,oscilloscope,https://s.click.aliexpress.com/e/_c35ZaRif,images/products/169.jpg
170,HANTEK,DSO2D15,oscilloscope,https://s.click.aliexpress.com/e/_c38ocP8T,images/products/170.jpg
171,RIGOL,DS1102Z-E,oscilloscope,https://s.click.aliexpress.com/e/_c3sendp9,images/products/171.jpg
172,RIGOL,DHO802,oscilloscope,https://s.click.aliexpress.com/e/_c40GmWAL,images/products/172.png
173,ZOYI,DQ01,lcr,https://s.click.aliexpress.com/e/_c3Pegw7H,images/products/173.png
174,FNIRSI,LC1020E,lcr,https://s.click.aliexpress.com/e/_c2woa3rv,images/products/174.jpg
175,FNIRSI,LCR-ST2,lcr,https://s.click.aliexpress.com/e/_c3KUkA8B,images/products/175.jpg
176,VICI,VC480C,milliohm,https://s.click.aliexpress.com/e/_c4W1LLc7,images/products/176.jpg
177,,YMC01 Milliohm Meter,milliohm,https://s.click.aliexpress.com/e/_c4cWpvAB,images/products/177.jpg
178,ETCR,3620,milliohm,https://s.click.aliexpress.com/e/_c44hGubN,images/products/178.jpg
179,FNIRSI,HRM-10,battery_tester,https://s.click.aliexpress.com/e/_c4ll7zQr,images/products/179.png
180,ZOYI,ZT-XR1,battery_tester,https://s.click.aliexpress.com/e/_c4e9gShh,images/products/180.jpg
181,DOCREATE,SK-10P,spotwelder,https://s.click.aliexpress.com/e/_c3xWJsh1,images/products/181.jpg
182,Awithz,UK3,spotwelder,https://s.click.aliexpress.com/e/_c3fIjvSP,images/products/182.jpg
183,DOCREATE,705,spotwelder,https://s.click.aliexpress.com/e/_c3MydXbt,images/products/183.jpg
184,,Nickel Strip,stripes,https://s.click.aliexpress.com/e/_c4WRXYcJ,images/products/184.jpg
185,,Pure Copper Strip,stripes,https://s.click.aliexpress.com/e/_c3VA1Xbv,images/products/185.jpg
186,,Nickel Plated Copper Strip,stripes,https://s.click.aliexpress.com/e/_c3VA1Xbv,images/products/186.jpg
187,,Nickel Plated Steel Strip,stripes,https://s.click.aliexpress.com/e/_c318IxXv,images/products/187.jpg
188,Wanptek,30V 10A,psu,https://s.click.aliexpress.com/e/_c4c9wumT,images/products/188.jpg
189,Wanptek,60V 5A,psu,https://s.click.aliexpress.com/e/_c4e7dSQ3,images/products/189.jpg
190,Wanptek,120V 3A,psu,https://s.click.aliexpress.com/e/_c4e7dSQ3,images/products/190.jpg
191,KUAIQU,15V 30A,psu,https://s.click.aliexpress.com/e/_c3p568pv,images/products/191.jpg
192,KUAIQU,30V 20A,psu,https://s.click.aliexpress.com/e/_c3p568pv,images/products/192.jpg
193,KUAIQU,60V 20A,psu,https://s.click.aliexpress.com/e/_c3p568pv,images/products/193.jpg
194,SUGON,30V 10A,psu,https://s.click.aliexpress.com/e/_c4SqQSfl,images/products/194.jpg
195,SUGON,30V 5A,psu,https://s.click.aliexpress.com/e/_c3yTvbHN,images/products/195.jpg
196,BSIDE,I8-4020,psu,https://s.click.aliexpress.com/e/_c3rycX71,images/products/196.jpg
197,MKEPA,INR21700-P45B 4500mAh,battery,https://s.click.aliexpress.com/e/_c3UG1eOj,images/products/197.jpg
198,,INR21700-P45B 4000mAh,battery,https://s.click.aliexpress.com/e/_c3OYxlsF,images/products/198.jpg
199,,18650-35E 3500mAh,battery,https://s.click.aliexpress.com/e/_c42dLICJ,images/products/199.jpg
200,,18650-35Q 3000mAh,battery,https://s.click.aliexpress.com/e/_c2zYO4Qj,images/products/200.jpg
201,,18650-10C 2000mAh,battery,https://s.click.aliexpress.com/e/_c3NhjKRH,images/products/201.png
202,,18650-35V 3500mAh,battery,https://s.click.aliexpress.com/e/_c3irFStZ,images/products/202.png
203,,DMG Housing Shell Kit + Buttons,GameBoy,https://s.click.aliexpress.com/e/_c3mD2JGb,images/products/203.jpg
204,,DMG Battery Module 2500mAh,GameBoy,https://s.click.aliexpress.com/e/_c3iIF7D5,images/products/204.jpg
205,,GBP LCD Screen,GameBoy,https://s.click.aliexpress.com/e/_c3UioEkX,images/products/205.jpg
206,,GBC IPS Screen Kit,GameBoy,https://s.click.aliexpress.com/e/_c3nM8zef,images/products/206.jpg
207,,DMG / GB IPS Screen Kit,GameBoy,https://s.click.aliexpress.com/e/_c3NTEFMT,images/products/207.jpg
208,,GBP Housing Shell + Buttons + IPS,GameBoy,https://s.click.aliexpress.com/e/_c3J2RYgn,images/products/208.jpg
209,,GBA Battery Module 1800mAh,GameBoy,https://s.click.aliexpress.com/e/_c3vIwzar,images/products/209.jpg
210,,GBA SP IPS Screen Kit,GameBoy,https://s.click.aliexpress.com/e/_c3RddMNv,images/products/210.jpg
211,,GBA Battery Module 1800mAh,GameBoy,https://s.click.aliexpress.com/e/_c2vtnyqx,images/products/211.jpg
212,,GBC Battery Module 1800mAh,GameBoy,https://s.click.aliexpress.com/e/_c2vtnyqx,images/products/212.jpg
213,,GBP Battery Module 1800mAh,GameBoy,https://s.click.aliexpress.com/e/_c2vtnyqx,images/products/213.jpg
214,,GBA SP Replacement Case,GameBoy,https://s.click.aliexpress.com/e/_c4SbeEPl,images/products/214.png
215,,GBC Replacement Case,GameBoy,https://s.click.aliexpress.com/e/_c4FKrgxV,images/products/215.jpg
216,,PS5 Button Flex Cable,PS5,https://s.click.aliexpress.com/e/_c3fj0haB,images/products/216.jpg
217,,PS5 Trigger Flex Cable,PS5,https://s.click.aliexpress.com/e/_c3FlifEn,images/products/217.jpg
218,,PS5 Trigger Flex Cable (alt),PS5,https://s.click.aliexpress.com/e/_c3VnR3xZ,images/products/218.jpg
219,,PS5 Microphone Module,PS5,https://s.click.aliexpress.com/e/_c4V8KVHN,images/products/219.jpg
220,,PS4 Button Flex Cable,PS4,https://s.click.aliexpress.com/e/_c2JhmHcF,images/products/220.jpg
221,,PS4 Trigger Flex Cable,PS4,https://s.click.aliexpress.com/e/_c2JhmHcF,images/products/221.jpg
222,,Xbox Power Flex Cable,XBOX,https://s.click.aliexpress.com/e/_c2JhmHcF,images/products/222.jpg
223,,PS5 HDMI Capacitor Set,PS5,https://s.click.aliexpress.com/e/_c4V1opjD,images/products/223.png
224,,PS5 HDMI Filter Coil,PS5,https://s.click.aliexpress.com/e/_c2vGkgrV,images/products/224.jpg
225,,PS4 HDMI Filter Coil,PS4,https://s.click.aliexpress.com/e/_c4tobnll,images/products/225.jpg
226,,PSP Analog Stick Module,PSP,https://s.click.aliexpress.com/e/_c4UYBbef,images/products/226.jpg
227,,NES Conductive Button Pads,NES,https://s.click.aliexpress.com/e/_c3Uh9Hdd,images/products/227.jpg
228,,3DS / 3DS XL LL Touch Screen Connector,3DS,https://s.click.aliexpress.com/e/_c2RcaSkj,images/products/228.jpg
229,,GBA SP Ports / Switch / Buttons / Sockets Kit,GameBoy,https://s.click.aliexpress.com/e/_c3I66YyL,images/products/229.jpg
230,,NS / Switch Lite FPC,Switch,https://s.click.aliexpress.com/e/_c3lUf2kx,images/products/230.jpg
231,,Switch Lite FPC Connector,Switch,https://s.click.aliexpress.com/e/_c4cTcmCL,images/products/231.jpg
232,,PS5 Ribbon Flex Cable Connector,PS5,https://s.click.aliexpress.com/e/_c3lIKKmr,images/products/232.jpg
233,,PS5 Charging Port / Earphone / Battery Contact / MIC / Touch Button,PS5,https://s.click.aliexpress.com/e/_c39Zpqfh,images/products/233.jpg
234,,PS5 Touchpad Board,PS5,https://s.click.aliexpress.com/e/_c4eedoZ9,images/products/234.jpg
235,,Xbox Series X Power FPC,XBOX,https://s.click.aliexpress.com/e/_c43naoyF,images/products/235.jpg
236,,PS5 Side Board,PS5,https://s.click.aliexpress.com/e/_c3CXz7GX,images/products/236.jpg
237,,PS5 HDMI Filters,PS5,https://s.click.aliexpress.com/e/_c45w4xej,images/products/237.jpg
238,,Switch Buck Converters,Switch,https://s.click.aliexpress.com/e/_c3saKMsT,images/products/238.jpg
239,,Switch Chips (M92T36 / PI3USB30532 / BQ24193 / M92T17),Switch,https://s.click.aliexpress.com/e/_c4bs9mtH,images/products/239.jpg
