id,category,sub_category,brand,model,power,price,compatibility,ESD,link,image
1,tools,station,Geeboon,TC22,200W,$70-130,4,OK,https://s.click.aliexpress.com/e/_c4DLcZ1p,images/products/1.jpg
2,tools,station,Geeboon,HC24,400W,$120-200,5,OK,https://s.click.aliexpress.com/e/_c4CltYZl,images/products/2.jpg
3,tools,station,FNIRSI,DWS-200,200W,$60-110,3,carefull,https://s.click.aliexpress.com/e/_c4mnYypV,images/products/3.png
4,tools,portable,FNIRSI,HS-02A,100w,$40-70,1.1,carefull,https://s.click.aliexpress.com/e/_c2zEVY71,images/products/4.jpg
5,tools,portable,FNIRSI,HS-02B,100w,$40-70,1.4,carefull,https://s.click.aliexpress.com/e/_c2zEVY71,images/products/5.jpg
6,tools,portable,FNIRSI,HS-03,10w,$15-30,1.5,OK,https://s.click.aliexpress.com/e/_c38zGaGj,images/products/6.png
7,tools,portable,FNIRSI,HS-01,65w,$40-70,1.2,carefull,https://s.click.aliexpress.com/e/_c4Oig13d,images/products/7.jpg
8,tools,portable,ALIENTEK,T80,100w,$45-90,1.1,carefull,https://s.click.aliexpress.com/e/_c3yzpxdt,images/products/8.jpg
9,tools,portable,ALIENTEK,T90A,65W,$45-90,1.4,carefull,https://s.click.aliexpress.com/e/_c4XoYyRh,images/products/9.jpg
10,tools,portable,ALIENTEK,T90B,140W,$45-90,1.1,carefull,https://s.click.aliexpress.com/e/_c4XoYyRh,images/products/10.jpg
11,tools,portable,AIFEN,A11,75W,$35-60,1.4,carefull,https://s.click.aliexpress.com/e/_c39Lv53l,images/products/11.png
12,tools,portable,ANENG,SL108,96w,$25-50,1.2,carefull,https://s.click.aliexpress.com/e/_c4tJEpK3,images/products/12.jpg
13,tools,iron,JCD,,80w,$15-35,1.3,danger,https://s.click.aliexpress.com/e/_c3KxYbgX,images/products/13.jpg
14,tools,portable,SEQURE,SI012 Pro Max,100w,$40-70,1.2,carefull,https://s.click.aliexpress.com/e/_c3tfQvp1,images/products/14.jpg
15,tools,portable,MINIWARE,TS21,100w,$50-85,1.4,carefull,https://s.click.aliexpress.com/e/_c3PA1MJD,images/products/15.jpg
16,tools,iron,ANENG,SL106,60w,$25-50,1.3,danger,https://s.click.aliexpress.com/e/_c4bIfk5H,images/products/16.jpg
17,tools,iron,RELIFE,936,90w,$15-35,1.3,danger,https://s.click.aliexpress.com/e/_c3g8l8gL,images/products/17.jpg
18,tools,tips,PS5,Joystick,,$8-20,1.1,OK,https://s.click.aliexpress.com/e/_c3IxbJP9,images/products/18.jpg
19,tools,tips,PS4,Joystick,,$8-20,1.1,OK,https://s.click.aliexpress.com/e/_c3IxbJP9,images/products/19.jpg
20,tools,tips,Switch Pro,Joystick,,$8-20,1.1,OK,https://s.click.aliexpress.com/e/_c3IxbJP9,images/products/20.jpg
21,tools,tips,PS5,Joystick,,$8-20,1.2,OK,https://s.click.aliexpress.com/e/_c3IxbJP9,images/products/21.jpg
22,tools,tips,PS4,Joystick,,$8-20,1.2,OK,https://s.click.aliexpress.com/e/_c3IxbJP9,images/products/22.jpg
23,tools,tips,Switch Pro,Joystick,,$8-20,1.2,OK,https://s.click.aliexpress.com/e/_c3IxbJP9,images/products/23.jpg
24,tools,tips,PS5,Joystick,,$8-20,1.3,OK,https://s.click.aliexpress.com/e/_c3IxbJP9,images/products/24.jpg
25,tools,tips,PS4,Joystick,,$8-20,1.3,OK,https://s.click.aliexpress.com/e/_c3IxbJP9,images/products/25.jpg
26,tools,tips,Switch Pro,Joystick,,$8-20,1.3,OK,https://s.click.aliexpress.com/e/_c3IxbJP9,images/products/26.jpg
27,tools,tips,XBOX,Joystick,,$8-20,1.1,OK,https://s.click.aliexpress.com/e/_c3IxbJP9,images/products/27.jpg
28,tools,tips,XBOX,Joystick,,$8-20,1.2,OK,https://s.click.aliexpress.com/e/_c3IxbJP9,images/products/28.jpg
29,tools,tips,XBOX,Joystick,,$8-20,1.3,OK,https://s.click.aliexpress.com/e/_c3IxbJP9,images/products/29.jpg
30,tools,handles,Geeboon,T245,,$18-40,1.1,OK,https://s.click.aliexpress.com/e/_c3xiJVnV,images/products/30.jpg
31,tools,handles,Geeboon,T115,,$15-35,1.5,OK,https://s.click.aliexpress.com/e/_c3xiJVnV,images/products/31.jpg
32,tools,handles,Geeboon,T12,,$15-35,1.2,OK,https://s.click.aliexpress.com/e/_c3xiJVnV,images/products/32.jpg
33,tools,handles,Geeboon,T210,,$18-40,1.4,OK,https://s.click.aliexpress.com/e/_c3xiJVnV,images/products/33.jpg
34,tools,station,SUGON,A9,200W,$70-130,4,OK,https://s.click.aliexpress.com/e/_c2zOYJHh,images/products/34.jpg
35,tools,handles,SUGON,T245,,$18-40,1.1,OK,https://s.click.aliexpress.com/e/_c4PPTVKF,images/products/35.jpg
36,tools,handles,SUGON,T115,,$15-35,1.5,OK,https://s.click.aliexpress.com/e/_c4PPTVKF,images/products/36.jpg
37,tools,handles,SUGON,T12,,$15-35,1.2,OK,https://s.click.aliexpress.com/e/_c4PPTVKF,images/products/37.jpg
38,tools,handles,SUGON,T210,,$18-40,1.4,OK,https://s.click.aliexpress.com/e/_c4PPTVKF,images/products/38.jpg
39,tools,station,AIFEN,A9PRO,120W,$50-90,4,carefull,https://s.click.aliexpress.com/e/_c43mqCh5,images/products/39.jpg
40,tools,station,SUGON,T61,400W,$120-200,6,OK,https://s.click.aliexpress.com/e/_c33xFm15,images/products/40.jpg
41,tools,station,SUGON,T3602,240W,$70-130,7,OK,https://s.click.aliexpress.com/e/_c4pOjp3z,images/products/41.jpg
42,tools,station,SUGON,T21,120w,$70-130,8,OK,https://s.click.aliexpress.com/e/_c4FgRB75,images/products/42.jpg
43,tools,station,AIXUN,T3A,200W,$90-160,9,carefull,https://s.click.aliexpress.com/e/_c3wNHYPv,images/products/43.jpg
44,tools,station,AIXUN,T3B,200W,$90-160,7,carefull,https://s.click.aliexpress.com/e/_c3wNHYPv,images/products/44.png
45,tools,handles,AIXUN,T3A,,$15-35,1.1,OK,https://s.click.aliexpress.com/e/_c2wc3b5Z,images/products/45.jpg
46,tools,handles,AIXUN,T3B,,$15-35,1.5,OK,https://s.click.aliexpress.com/e/_c2wc3b5Z,images/products/46.jpg
47,tools,handles,AIXUN,T3B,,$15-35,1.4,OK,https://s.click.aliexpress.com/e/_c2wc3b5Z,images/products/47.jpg
48,tools,station,AIXUN,T420D,200W,$90-160,8,carefull,https://s.click.aliexpress.com/e/_c3UynA4L,images/products/48.jpg
49,tools,station,OSS,T12,130W,$35-65,1.2,OK,https://s.click.aliexpress.com/e/_c323AagF,images/products/49.jpg
50,tools,station,OSS,T245,130W,$35-65,1.1,OK,https://s.click.aliexpress.com/e/_c4CGqHBN,images/products/50.jpg
51,tools,station,OSS,T210,130W,$35-65,1.4,OK,https://s.click.aliexpress.com/e/_c3QHBoRt,images/products/51.jpg
52,tools,station,OSS,T115,130W,$35-65,1.5,OK,https://s.click.aliexpress.com/e/_c3QHBoRt,images/products/52.jpg
53,tools,hotair,FNIRSI,SAG-55,550W,$35-70,,OK,https://s.click.aliexpress.com/e/_c2JcaBfd,images/products/53.png
54,tools,hotair,AIFEN,868D,700w,$45-90,,OK,https://s.click.aliexpress.com/e/_c4bjRl2T,images/products/54.jpg
55,tools,hotair,LUOWEI,HG-01,800w,$45-90,,OK,https://s.click.aliexpress.com/e/_c3safEs3,images/products/55.jpg
56,tools,hotair,SUGON,2020D,700w,$45-90,,OK,https://s.click.aliexpress.com/e/_c3KWbJ35,images/products/56.jpg
57,tools,hotair,RF4,RF-H2,1000w,$70-140,,OK,https://s.click.aliexpress.com/e/_c41Punuf,images/products/57.jpg
58,tools,hotair,QUICK,2008 PRO,750w,$140-250,,OK,https://s.click.aliexpress.com/e/_c44oS9Gf,images/products/58.jpg
59,tools,hotair,FORWARD,FW-HA01,800w,$45-90,,OK,https://s.click.aliexpress.com/e/_c3oX36mX,images/products/59.jpg
60,tools,hotair,YCS,NO.1,1200w,$70-140,,OK,https://s.click.aliexpress.com/e/_c4ptRgLt,images/products/60.jpg
61,tools,hotair,MECHANIC,AIRNOVA,1200W,$70-140,,OK,https://s.click.aliexpress.com/e/_c35IqzxN,images/products/61.jpg
62,tools,hotair,ATTEN,ST-862D,1000w,$70-140,,OK,https://s.click.aliexpress.com/e/_c3qdrHyr,images/products/62.jpg
63,tools,hotair,SUGON,8610DX-PRO,1000w,$70-140,,OK,https://s.click.aliexpress.com/e/_c4ctstL9,images/products/63.jpg
64,tools,hotair,QUICK,861DW,1000w,$140-250,,OK,https://s.click.aliexpress.com/e/_c3LiIvmj,images/products/64.jpg
65,tools,hotair,AIFEN,F5PRO,1000w,$70-140,,OK,https://s.click.aliexpress.com/e/_c45u11rN,images/products/65.jpg
66,tools,hotair,Aixun,H310D,1000w,$70-140,,OK,https://s.click.aliexpress.com/e/_c3tSWdpZ,images/products/66.jpg
67,tools,hotair,YCS,R1 Pro,1000w,$70-140,,OK,https://s.click.aliexpress.com/e/_c4X1CZwx,images/products/67.jpg
68,tools,hotair,Aixun,H312,1400w,$100-200,,OK,https://s.click.aliexpress.com/e/_c3D2rUvd,images/products/68.jpg
69,tools,hotair,SUGON,8620DX PRO,1300w,$100-200,,OK,https://s.click.aliexpress.com/e/_c3881eLh,images/products/69.jpg
70,tools,hotair,SUGON,8650Pro,1300w,$100-200,,OK,https://s.click.aliexpress.com/e/_c30acTNv,images/products/70.jpg
71,tools,hotair,QUICK,861 Pro,1300w,$140-250,,OK,https://s.click.aliexpress.com/e/_c3lAlY7Z,images/products/71.jpg
72,tools,hotair,YCS,R1 Ultra,1450w,$100-200,,OK,https://s.click.aliexpress.com/e/_c3Z5jrFl,images/products/72.jpg
73,tools,hotair,Aixun,H314,1400w,$100-200,,OK,https://s.click.aliexpress.com/e/_c37wizAb,images/products/73.jpg
74,tools,hotair,AiXun,H414D,1400W,$100-200,,OK,https://s.click.aliexpress.com/e/_c3sFAGW,images/products/74.jpg
75,tools,tips,JBC,C245,,$15-40,1.1,OK,https://s.click.aliexpress.com/e/_c3vtdVrd,images/products/75.jpg
76,tools,tips,QUICKO,C245,,$15-40,1.1,OK,https://s.click.aliexpress.com/e/_c44dyQjh,images/products/76.jpg
77,tools,station,YIHUA,982-I C245,80W,$40-75,1.1,carefull,https://s.click.aliexpress.com/e/_c3loDd8P,images/products/77.jpg
78,tools,station,YIHUA,982-I C210,80W,$40-75,1.4,carefull,https://s.click.aliexpress.com/e/_c3loDd8P,images/products/78.jpg
79,tools,tips,GEEBOON,C245,,$15-40,1.1,OK,https://s.click.aliexpress.com/e/_c3bVqk9z,images/products/79.jpg
80,tools,combo,YIHUA,8786D,,$50-90,1.3,danger,https://s.click.aliexpress.com/e/_c3QTwgbv,images/products/80.jpg
81,tools,combo,YIHUA,938BD-II,740w,$50-90,1.3,danger,https://s.click.aliexpress.com/e/_c4OW37cX,images/products/81.jpg
82,tools,combo,,8898,700w,$40-80,1.3,danger,https://s.click.aliexpress.com/e/_c4N5k6fv,images/products/82.jpg
83,tools,combo,,8586,700w,$40-80,1.3,danger,https://s.click.aliexpress.com/e/_c3U3b7YP,images/products/83.jpg
84,tools,combo,JCB,8898,750W,$40-80,1.3,danger,https://s.click.aliexpress.com/e/_c35IMBJd,images/products/84.jpg
85,tools,combo,JCB,8586D,700w,$40-80,1.3,danger,https://s.click.aliexpress.com/e/_c4KUhtw7,images/products/85.jpg
86,tools,wick,Fengshengxin,,,$3-12,,OK,https://s.click.aliexpress.com/e/_c45pxScx,images/products/86.png
87,tools,wick,MECHANIC,DW50,,$3-12,,OK,https://s.click.aliexpress.com/e/_c3kggOPt,images/products/87.jpg
88,tools,wick,YCS,2015,,$3-12,,OK,https://s.click.aliexpress.com/e/_c4P3ybaL,images/products/88.jpg
89,tools,wick,2UUL,DW21,,$3-12,,OK,https://s.click.aliexpress.com/e/_c3vjdn4r,images/products/89.jpg
90,tools,wick,2UUL,DW16,,$3-12,,OK,https://s.click.aliexpress.com/e/_c3yTd5pt,images/products/90.png
91,tools,wick,RELIFE,,,$3-12,,OK,https://s.click.aliexpress.com/e/_c3nPOH6j,images/products/91.jpg
92,tools,tips,OSS,C245,,$15-40,1.1,OK,https://s.click.aliexpress.com/e/_c3Xz1bNt,images/products/92.jpg
93,tools,tips,OSS,C210,,$12-35,1.4,OK,https://s.click.aliexpress.com/e/_c3Xz1bNt,images/products/93.jpg
94,tools,tips,OSS,C115,,$12-35,1.5,OK,https://s.click.aliexpress.com/e/_c3Xz1bNt,images/products/94.jpg
95,tools,tips,SIKO,C245,,$15-40,1.1,OK,https://s.click.aliexpress.com/e/_c4toTswP,images/products/95.jpg
96,tools,tips,SIKO,C210,,$12-35,1.4,OK,https://s.click.aliexpress.com/e/_c4toTswP,images/products/96.jpg
97,tools,tips,KAISI,C245,,$15-40,1.1,OK,https://s.click.aliexpress.com/e/_c3G5WWUT,images/products/97.jpg
98,tools,tips,KAISI,C210,,$12-35,1.4,OK,https://s.click.aliexpress.com/e/_c3G5WWUT,images/products/98.jpg
99,tools,tips,KAISI,C115,,$12-35,1.5,OK,https://s.click.aliexpress.com/e/_c3G5WWUT,images/products/99.jpg
100,tools,tips,GEEBOON,C210,,$12-35,1.4,OK,https://s.click.aliexpress.com/e/_c3sbZwyL,images/products/100.jpg
101,tools,tips,GEEBOON,C115,,$12-35,1.5,OK,https://s.click.aliexpress.com/e/_c3sbZwyL,images/products/101.jpg
102,tools,tips,MECHANIC,C210,,$12-35,1.4,OK,https://s.click.aliexpress.com/e/_c4SV5Cjp,images/products/102.jpg
103,tools,tips,MAGMA,C210,,$12-35,1.4,OK,https://s.click.aliexpress.com/e/_c4404b1D,images/products/103.jpg
104,tools,tips,MAGMA,C115,,$12-35,1.5,OK,https://s.click.aliexpress.com/e/_c4404b1D,images/products/104.jpg
105,tools,tips,,T12,,$8-25,1.2,OK,https://s.click.aliexpress.com/e/_c45F9w6J,images/products/105.jpg
106,tools,tips,GEEBOON,T12,,$8-25,1.2,OK,https://s.click.aliexpress.com/e/_c3hMS7CB,images/products/106.jpg
107,tools,tips,,T12,,$8-25,1.2,OK,https://s.click.aliexpress.com/e/_c3OB5rYP,images/products/107.jpg
108,tools,tips,HZY,C245,,$15-40,1.1,OK,https://s.click.aliexpress.com/e/_c3QCkI5V,images/products/108.jpg
109,tools,tips,HZY,C210,,$12-35,1.4,OK,https://s.click.aliexpress.com/e/_c3ovlEP1,images/products/109.jpg
110,tools,tips,SUGON,C210,,$12-35,1.4,OK,https://s.click.aliexpress.com/e/_c3QC5oXZ,images/products/110.jpg
111,tools,tips,2UUL,C210,,$12-35,1.4,OK,https://s.click.aliexpress.com/e/_c3tNvswP,images/products/111.jpg
112,tools,tips,YIHUA,900M,,$5-15,1.3,OK,https://s.click.aliexpress.com/e/_c3AYjjE3,images/products/112.jpg
113,tools,tips,MECHANIC,900M,,$5-15,1.3,OK,https://s.click.aliexpress.com/e/_c4t587RH,images/products/113.jpg
114,tools,tips,MECHANIC,900M,,$5-15,1.3,OK,https://s.click.aliexpress.com/e/_c2J75mzl,images/products/114.jpg
115,tools,tips,STONEGO,900M,,$5-15,1.3,OK,https://s.click.aliexpress.com/e/_c3Q1afiL,images/products/115.jpg
116,tools,pump,JCD,,,$5-15,,OK,https://s.click.aliexpress.com/e/_c45uAlT5,images/products/116.jpg
117,tools,pump,,,,$5-15,,OK,https://s.click.aliexpress.com/e/_c3pN3Jvh,images/products/117.jpg
118,tools,pump,RELIFE,,,$5-15,,OK,https://s.click.aliexpress.com/e/_c4d8YeeX,images/products/118.jpg
119,tools,flux,MECHANIC,M35 NANO,,$5-15,,OK,https://s.click.aliexpress.com/e/_c3NbPFuR,images/products/119.jpg
120,tools,flux,Kingbo,Rma-218,,$8-20,,OK,https://s.click.aliexpress.com/e/_c4bGnD1D,images/products/120.jpg
121,tools,flux,DSUNYK,NC-559-ASM,,$5-15,,OK,https://s.click.aliexpress.com/e/_c3xHzsPZ,images/products/121.jpg
122,tools,flux,RELIFE,HW11,,$5-15,,OK,https://s.click.aliexpress.com/e/_c3uOIc5z,images/products/122.jpg
123,tools,flux,MECHANIC,UV559,,$5-15,,OK,https://s.click.aliexpress.com/e/_c2Q6ZzhZ,images/products/123.jpg
124,tools,flux,Amtech,RMA-218,,$8-20,,OK,https://s.click.aliexpress.com/e/_c35ZtDhZ,images/products/124.jpg
125,tools,flux,AMAOE,M53,,$5-15,,OK,https://s.click.aliexpress.com/e/_c3ChXuPt,images/products/125.jpg
126,tools,solder,RELIFE,RL-403,,$5-18,,OK,https://s.click.aliexpress.com/e/_c4rhKq9H,images/products/126.jpg
127,tools,flux,2UUL,SC14,,$5-15,,OK,https://s.click.aliexpress.com/e/_c4CDf1tZ,images/products/127.jpg
128,parts,PS5,GINFULL,RS13,,$12-30,JOYSTICK,OK,https://s.click.aliexpress.com/e/_c3hP6BGP,images/products/128.jpg
129,parts,PS4,K-SILVER,JS13 PRO+,,$12-30,JOYSTICK,OK,https://s.click.aliexpress.com/e/_c3CNcqlV,images/products/129.jpg
130,parts,PS5,K-SILVER,JS13 PRO+,,$12-30,JOYSTICK,OK,https://s.click.aliexpress.com/e/_c3CNcqlV,images/products/130.jpg
131,parts,XBOX,K-SILVER,JS13 PRO+,,$12-30,JOYSTICK,OK,https://s.click.aliexpress.com/e/_c3CNcqlV,images/products/131.jpg
132,parts,Switch pro,K-SILVER,JS13 PRO+,,$12-30,JOYSTICK,OK,https://s.click.aliexpress.com/e/_c3CNcqlV,images/products/132.jpg
133,parts,PS4,TMR,,,$20-45,JOYSTICK,OK,https://s.click.aliexpress.com/e/_c40qWskx,images/products/133.jpg
134,parts,PS5,TMR,,,$20-45,JOYSTICK,OK,https://s.click.aliexpress.com/e/_c40qWskx,images/products/134.jpg
135,parts,XBOX,TMR,,,$20-45,JOYSTICK,OK,https://s.click.aliexpress.com/e/_c40qWskx,images/products/135.jpg
136,parts,Switch pro,GuliKit,,,$20-45,JOYSTICK,OK,https://s.click.aliexpress.com/e/_c3fQfTGB,images/products/136.jpg
137,parts,PS4,GuliKit,,,$20-45,JOYSTICK,OK,https://s.click.aliexpress.com/e/_c3fQfTGB,images/products/137.jpg
138,parts,PS5,GuliKit,,,$20-45,JOYSTICK,OK,https://s.click.aliexpress.com/e/_c3fQfTGB,images/products/138.jpg
139,parts,XBOX,GuliKit,,,$20-45,JOYSTICK,OK,https://s.click.aliexpress.com/e/_c3fQfTGB,images/products/139.jpg
140,parts,PS5,,,,$5-15,HDMI,OK,https://s.click.aliexpress.com/e/_c2v4Hv1t,images/products/140.jpg
141,parts,PS4,,,,$5-15,HDMI,OK,https://s.click.aliexpress.com/e/_c4Kog6HH,images/products/141.jpg
142,parts,PS4,,,,$5-15,HDMI,OK,https://s.click.aliexpress.com/e/_c3WMIZ8J,images/products/142.jpg
143,parts,PS5,,,,$5-15,HDMI,OK,https://s.click.aliexpress.com/e/_c3JJZEob,images/products/143.jpg
144,parts,XBOX,,,,$5-15,HDMI,OK,https://s.click.aliexpress.com/e/_c4EkicIR,images/products/144.jpg
145,parts,XBOX,,,,$5-15,HDMI,OK,https://s.click.aliexpress.com/e/_c3uD2tuP,images/products/145.jpg
146,parts,Switch,Picofly,,,$8-25,Modding,OK,https://s.click.aliexpress.com/e/_c4mgPpUn,images/products/146.jpg
147,parts,Switch,Picofly,RP2040,,$8-25,Modding,OK,https://s.click.aliexpress.com/e/_c3QWc0X1,images/products/147.jpg
148,parts,Switch,,,,$8-25,JOYSTICK,OK,https://s.click.aliexpress.com/e/_c3LQAS0x,images/products/148.jpg
149,tools,solder,MECHANIC,HBD-366,,$5-18,,OK,https://s.click.aliexpress.com/e/_c3BhoXKx,images/products/149.jpg
150,tools,solder,MECHANIC,XGZ40,,$5-18,,OK,https://s.click.aliexpress.com/e/_c3emRYoF,images/products/150.jpg
151,tools,solder,EMA,,,$5-18,,OK,https://s.click.aliexpress.com/e/_c40kA8EX,images/products/151.jpg
152,tools,solder,RELIFE,RL-440,,$5-18,,OK,https://s.click.aliexpress.com/e/_c4PK7W99,images/products/152.jpg
153,tools,solder,BAKU,,,$5-18,,OK,https://s.click.aliexpress.com/e/_c40VhkcT,images/products/153.jpg
154,tools,tips,GEEBOON,c470,,$20-45,1.6,OK,https://s.click.aliexpress.com/e/_c3QPRaOF,images/products/154.jpg
155,tools,tips,OSS,c470,,$20-45,1.6,OK,https://s.click.aliexpress.com/e/_c3MeiCMr,images/products/155.jpg
156,tools,tips,YUTO,c470,,$20-45,1.6,OK,https://s.click.aliexpress.com/e/_c3FSmSWb,images/products/156.jpg
157,tools,station,Qianli,h240,200W,$80-140,4,OK,https://s.click.aliexpress.com/e/_c3JTNDZH,images/products/157.jpg
158,tools,station,Qianli,h400,400w,$100-180,5,OK,https://s.click.aliexpress.com/e/_c353VpAP,images/products/158.jpg
159,tools,handles,Qianli,T245,,$18-40,1.1,OK,https://s.click.aliexpress.com/e/_c3BHPomj,images/products/159.jpg
160,tools,handles,Qianli,T210,,$18-40,1.4,OK,https://s.click.aliexpress.com/e/_c3BHPomj,images/products/160.jpg
161,tools,handles,Qianli,T470,,$25-50,1.6,OK,https://s.click.aliexpress.com/e/_c3BHPomj,images/products/161.jpg
162,tools,solder,Mechanic,HX T100,,$5-18,,OK,https://s.click.aliexpress.com/e/_c4r9jpcx,images/products/162.jpg
163,tools,handles,Geeboon,T210,,$18-40,1.6,OK,https://s.click.aliexpress.com/e/_c3xiJVnV,images/products/163.jpg
164,tools,multimeter,FNIRSI,2C23T,,$55-85,,,https://s.click.aliexpress.com/e/_c3ZVIGpt,images/products/164.png
165,tools,multimeter,NJTY,T21L,,$12-28,,,https://s.click.aliexpress.com/e/_c3Z6lrVN,images/products/165.png
166,tools,multimeter,UNI-T,UT890C,,$18-40,,,https://s.click.aliexpress.com/e/_c4lEP1BD,images/products/166.jpg
167,tools,multimeter,ANENG,DM850,,$10-22,,,https://s.click.aliexpress.com/e/_c4rjDJob,images/products/167.jpg
168,tools,oscilloscope,Owon,SDS1102,,$170-240,,,https://s.click.aliexpress.com/e/_c4NqAIJ9,images/products/168.jpg
169,tools,oscilloscope,FNIRSI,1014D,,$95-170,,,https://s.click.aliexpress.com/e/_c35ZaRif,images/products/169.jpg
170,tools,oscilloscope,HANTEK,DSO2D15,,$240-340,,,https://s.click.aliexpress.com/e/_c38ocP8T,images/products/170.jpg
171,tools,oscilloscope,RIGOL,DS1102Z-E,,$360-470,,,https://s.click.aliexpress.com/e/_c3sendp9,images/products/171.jpg
172,tools,oscilloscope,RIGOL,DHO802,,$420-540,,,https://s.click.aliexpress.com/e/_c40GmWAL,images/products/172.png
173,tools,lcr,ZOYI,DQ01,,$75-115,,,https://s.click.aliexpress.com/e/_c3Pegw7H,images/products/173.png
174,tools,lcr,FNIRSI,LC1020E,,$65-105,,,https://s.click.aliexpress.com/e/_c2woa3rv,images/products/174.jpg
175,tools,lcr,FNIRSI,LCR-ST2,,$35-75,,,https://s.click.aliexpress.com/e/_c3KUkA8B,images/products/175.jpg
176,tools,milliohm,VICI,VC480C,,$170-240,,,https://s.click.aliexpress.com/e/_c4W1LLc7,images/products/176.jpg
177,tools,milliohm,,YMC01 Milliohm Meter,,$25-45,,,https://s.click.aliexpress.com/e/_c4cWpvAB,images/products/177.jpg
178,tools,milliohm,ETCR,3620,,$95-145,,,https://s.click.aliexpress.com/e/_c44hGubN,images/products/178.jpg
179,tools,battery_tester,FNIRSI,HRM-10,,$45-85,,,https://s.click.aliexpress.com/e/_c4ll7zQr,images/products/179.png
180,tools,battery_tester,ZOYI,ZT-XR1,,$75-115,,,https://s.click.aliexpress.com/e/_c4e9gShh,images/products/180.jpg
181,tools,spotwelder,DOCREATE,SK-10P,,$100-170,,,https://s.click.aliexpress.com/e/_c3xWJsh1,images/products/181.jpg
182,tools,spotwelder,Awithz,UK3,,$55-105,,,https://s.click.aliexpress.com/e/_c3fIjvSP,images/products/182.jpg
183,tools,spotwelder,DOCREATE,705,,$130-195,,,https://s.click.aliexpress.com/e/_c3MydXbt,images/products/183.jpg
184,tools,stripes,,Nickel Strip,,$4-12,,,https://s.click.aliexpress.com/e/_c4WRXYcJ,images/products/184.jpg
185,tools,stripes,,Pure Copper Strip,,$6-14,,,https://s.click.aliexpress.com/e/_c3VA1Xbv,images/products/185.jpg
186,tools,stripes,,Nickel Plated Copper Strip,,$6-14,,,https://s.click.aliexpress.com/e/_c3VA1Xbv,images/products/186.jpg
187,tools,stripes,,Nickel Plated Steel Strip,,$4-10,,,https://s.click.aliexpress.com/e/_c318IxXv,images/products/187.jpg
188,tools,psu,Wanptek,30V 10A,30V 10A,$45-75,,,https://s.click.aliexpress.com/e/_c4c9wumT,images/products/188.jpg
189,tools,psu,Wanptek,60V 5A,60V 5A,$65-105,,,https://s.click.aliexpress.com/e/_c4e7dSQ3,images/products/189.jpg
190,tools,psu,Wanptek,120V 3A,120V 3A,$65-105,,,https://s.click.aliexpress.com/e/_c4e7dSQ3,images/products/190.jpg
191,tools,psu,KUAIQU,15V 30A,15V 30A,$150-195,,,https://s.click.aliexpress.com/e/_c3p568pv,images/products/191.jpg
192,tools,psu,KUAIQU,30V 20A,30V 20A,$150-195,,,https://s.click.aliexpress.com/e/_c3p568pv,images/products/192.jpg
193,tools,psu,KUAIQU,60V 20A,60V 20A,$420-540,,,https://s.click.aliexpress.com/e/_c3p568pv,images/products/193.jpg
194,tools,psu,SUGON,30V 10A,30V 10A,$190-270,,,https://s.click.aliexpress.com/e/_c4SqQSfl,images/products/194.jpg
195,tools,psu,SUGON,30V 5A,30V 5A,$95-145,,,https://s.click.aliexpress.com/e/_c3yTvbHN,images/products/195.jpg
196,tools,psu,BSIDE,I8-4020,40V 20A,$150-205,,,https://s.click.aliexpress.com/e/_c3rycX71,images/products/196.jpg
197,parts,battery,MKEPA,INR21700-P45B 4500mAh,3.7V 4500mAh,$4-9,BATTERY,,https://s.click.aliexpress.com/e/_c3UG1eOj,images/products/197.jpg
198,parts,battery,,INR21700-P45B 4000mAh,3.7V 4000mAh,$3-8,BATTERY,,https://s.click.aliexpress.com/e/_c3OYxlsF,images/products/198.jpg
199,parts,battery,,18650-35E 3500mAh,3.7V 3500mAh,$3-7,BATTERY,,https://s.click.aliexpress.com/e/_c42dLICJ,images/products/199.jpg
200,parts,battery,,18650-35Q 3000mAh,3.7V 3000mAh,$3-7,BATTERY,,https://s.click.aliexpress.com/e/_c2zYO4Qj,images/products/200.jpg
201,parts,battery,,18650-10C 2000mAh,3.7V 2000mAh,$2-5,BATTERY,,https://s.click.aliexpress.com/e/_c3NhjKRH,images/products/201.png
202,parts,battery,,18650-35V 3500mAh,3.7V 3500mAh,$3-7,BATTERY,,https://s.click.aliexpress.com/e/_c3irFStZ,images/products/202.png
203,parts,GameBoy,,DMG Housing Shell Kit + Buttons,,$12-28,BUTTON,,https://s.click.aliexpress.com/e/_c3mD2JGb,images/products/203.jpg
204,parts,GameBoy,,DMG Battery Module 2500mAh,,$15-30,BUTTON,,https://s.click.aliexpress.com/e/_c3iIF7D5,images/products/204.jpg
205,parts,GameBoy,,GBP LCD Screen,,$18-35,SCREEN,,https://s.click.aliexpress.com/e/_c3UioEkX,images/products/205.jpg
206,parts,GameBoy,,GBC IPS Screen Kit,,$25-45,SCREEN,,https://s.click.aliexpress.com/e/_c3nM8zef,images/products/206.jpg
207,parts,GameBoy,,DMG / GB IPS Screen Kit,,$25-45,SCREEN,,https://s.click.aliexpress.com/e/_c3NTEFMT,images/products/207.jpg
208,parts,GameBoy,,GBP Housing Shell + Buttons + IPS,,$35-60,BUTTON,,https://s.click.aliexpress.com/e/_c3J2RYgn,images/products/208.jpg
209,parts,GameBoy,,GBA Battery Module 1800mAh,,$12-25,BUTTON,,https://s.click.aliexpress.com/e/_c3vIwzar,images/products/209.jpg
210,parts,GameBoy,,GBA SP IPS Screen Kit,,$30-55,SCREEN,,https://s.click.aliexpress.com/e/_c3RddMNv,images/products/210.jpg
211,parts,GameBoy,,GBA Battery Module 1800mAh,,$12-25,BUTTON,,https://s.click.aliexpress.com/e/_c2vtnyqx,images/products/211.jpg
212,parts,GameBoy,,GBC Battery Module 1800mAh,,$12-25,BUTTON,,https://s.click.aliexpress.com/e/_c2vtnyqx,images/products/212.jpg
213,parts,GameBoy,,GBP Battery Module 1800mAh,,$12-25,BUTTON,,https://s.click.aliexpress.com/e/_c2vtnyqx,images/products/213.jpg
214,parts,GameBoy,,GBA SP Replacement Case,,$8-18,BUTTON,,https://s.click.aliexpress.com/e/_c4SbeEPl,images/products/214.png
215,parts,GameBoy,,GBC Replacement Case,,$8-18,BUTTON,,https://s.click.aliexpress.com/e/_c4FKrgxV,images/products/215.jpg
216,parts,PS5,,PS5 Button Flex Cable,,$3-10,FLEX,,https://s.click.aliexpress.com/e/_c3fj0haB,images/products/216.jpg
217,parts,PS5,,PS5 Trigger Flex Cable,,$3-10,FLEX,,https://s.click.aliexpress.com/e/_c3FlifEn,images/products/217.jpg
218,parts,PS5,,PS5 Trigger Flex Cable (alt),,$3-10,FLEX,,https://s.click.aliexpress.com/e/_c3VnR3xZ,images/products/218.jpg
219,parts,PS5,,PS5 Microphone Module,,$4-12,FLEX,,https://s.click.aliexpress.com/e/_c4V8KVHN,images/products/219.jpg
220,parts,PS4,,PS4 Button Flex Cable,,$3-9,FLEX,,https://s.click.aliexpress.com/e/_c2JhmHcF,images/products/220.jpg
221,parts,PS4,,PS4 Trigger Flex Cable,,$3-9,FLEX,,https://s.click.aliexpress.com/e/_c2JhmHcF,images/products/221.jpg
222,parts,XBOX,,Xbox Power Flex Cable,,$3-10,FLEX,,https://s.click.aliexpress.com/e/_c2JhmHcF,images/products/222.jpg
223,parts,PS5,,PS5 HDMI Capacitor Set,,$4-12,CAPACITOR,,https://s.click.aliexpress.com/e/_c4V1opjD,images/products/223.png
224,parts,PS5,,PS5 HDMI Filter Coil,,$3-10,CAPACITOR,,https://s.click.aliexpress.com/e/_c2vGkgrV,images/products/224.jpg
225,parts,PS4,,PS4 HDMI Filter Coil,,$3-10,CAPACITOR,,https://s.click.aliexpress.com/e/_c4tobnll,images/products/225.jpg
226,parts,PSP,,PSP Analog Stick Module,,$5-15,JOYSTICK,,https://s.click.aliexpress.com/e/_c4UYBbef,images/products/226.jpg
227,parts,NES,,NES Conductive Button Pads,,$3-10,BUTTON,,https://s.click.aliexpress.com/e/_c3Uh9Hdd,images/products/227.jpg
